settlement_date,scenario,net_value_gbp,firming_value_gbp,arbitrage_value_gbp,ancillary_availability_gbp,throughput_cost_gbp,error_reduction_pct,service_contract_rows,quick_reserve_availability_gbp,slow_reserve_availability_gbp,dynamic_containment_availability_gbp,dynamic_moderation_availability_gbp,dynamic_regulation_availability_gbp,balancing_reserve_availability_gbp
2026-04-01,qr_sr,9122.505954574377,4138.532462475388,-128.51327848316623,5616.235000000001,503.74822941784504,29.24158833291348,192,4407.6050000000005,1208.63,0.0,0.0,0.0,0.0
2026-04-01,non_bm_multiservice,13663.991363485246,3461.358733634913,-622.9407034829999,11134.64,309.0666666666663,25.604459370842047,222,384.845,950.515,0.0,0.0,9799.28,0.0
2026-04-01,bm_multiservice,13663.99136348526,3461.3587336349256,-622.9407034829992,11134.64,309.0666666666665,25.604459370842147,318,384.845,950.515,0.0,0.0,9799.28,0.0
2026-04-02,qr_sr,5731.307830678712,-1615.8457647979562,3436.509953929286,4206.8099999999995,296.166358452618,57.27978155552762,192,3355.865,850.9449999999999,0.0,0.0,0.0,0.0
2026-04-02,non_bm_multiservice,9872.496351693793,-1554.1652729387447,2762.4052053073788,8879.145,214.8885806748401,55.40646577552001,222,570.3,328.845,0.0,0.0,7980.0,0.0
2026-04-02,bm_multiservice,9872.496351693793,-1554.1652729387447,2762.4052053073783,8879.145,214.88858067484023,55.40646577552001,318,570.3,328.845,0.0,0.0,7980.0,0.0
2026-04-03,qr_sr,13119.395135401723,4342.995683669035,4884.869392654642,4280.04,388.5099409219547,37.96308364145571,192,3637.79,642.25,0.0,0.0,0.0,0.0
2026-04-03,non_bm_multiservice,15501.690729056305,4171.434873676346,4312.806102721465,7387.505000000001,370.05524734150686,36.31925569557609,222,2596.305,0.0,0.0,0.0,4791.2,0.0
2026-04-03,bm_multiservice,15539.60434016742,4171.434873676346,4332.114158277025,7405.054999999999,368.9996917859513,36.31925569557609,318,2466.2,0.0,0.0,0.0,4791.2,147.655
2026-04-04,qr_sr,21018.13155204639,7393.9333427276115,12146.80870250148,2374.225,896.8354931826973,56.429245581438266,192,1867.54,506.685,0.0,0.0,0.0,0.0
2026-04-04,non_bm_multiservice,21582.45639252872,7393.9333427276115,11919.538542983802,3158.2200000000003,889.2354931826975,56.429245581438266,222,1136.975,380.525,0.0,0.0,1640.72,0.0
2026-04-04,bm_multiservice,21614.133392528725,7393.9333427276115,11413.50554298381,3692.13,885.4354931826979,56.429245581438266,318,1198.36,374.445,0.0,0.0,2064.44,54.885
2026-04-05,qr_sr,18661.565789977016,414.0118464398817,17075.33777155348,1920.56,748.343828016347,22.462936112358932,192,1349.805,570.755,0.0,0.0,0.0,0.0
2026-04-05,non_bm_multiservice,19498.947235443466,412.8453573028701,16967.50710854702,2804.5699999999997,685.9752304064225,22.01082985081041,222,552.215,141.555,0.0,0.0,2110.7999999999997,0.0
2026-04-05,bm_multiservice,19587.81541720065,411.13579588381424,16970.547073945487,2911.5299999999997,705.3974526286481,21.180343369006195,318,633.0,114.735,0.0,0.0,2014.6399999999999,149.155
2026-04-06,qr_sr,21138.084977604525,666.9202907494264,18504.831045307717,2690.0,723.6663584526173,37.838745514641325,192,2456.875,233.125,0.0,0.0,0.0,0.0
2026-04-06,non_bm_multiservice,25534.460784887513,379.6775901221831,17317.896838544944,8393.300000000001,556.413643779615,33.793634544936204,222,787.475,95.625,0.0,0.0,7510.200000000001,0.0
2026-04-06,bm_multiservice,25541.840784887514,379.6775901221815,17303.07683854495,8415.5,556.4136437796151,33.79363454493628,318,786.475,95.625,0.0,0.0,7510.200000000001,23.2
2026-04-07,qr_sr,23765.901746453103,975.2583089320092,20925.396773679247,2659.8050000000003,794.5583361581572,32.48961817588716,192,2215.98,443.82500000000005,0.0,0.0,0.0,0.0
2026-04-07,non_bm_multiservice,27011.34636706096,1032.9221308195283,20244.47156139605,6524.77,790.8173251546189,31.393198519003274,222,1069.41,393.20000000000005,0.0,0.0,5062.16,0.0
2026-04-07,bm_multiservice,27013.246367060958,1032.9221308195283,20244.471561396047,6526.67,790.8173251546186,31.393198519003274,318,1069.41,388.85,0.0,0.0,5062.16,6.25
2026-04-08,qr_sr,9520.26259505891,1272.0862757490806,4889.426011095789,4122.95,764.199691785959,60.848810168482316,192,3881.545,241.405,0.0,0.0,0.0,0.0
2026-04-08,non_bm_multiservice,12399.997221653954,1154.0384571612076,2880.8313117642383,8884.855,519.7275472714922,64.5753944098305,222,2821.0,132.215,0.0,0.0,5931.639999999999,0.0
2026-04-08,bm_multiservice,12399.997221653975,1154.0384571612076,2880.8313117642606,8884.855,519.7275472714915,64.5753944098305,318,2821.0,132.215,0.0,0.0,5931.639999999999,0.0
2026-04-09,qr_sr,7011.040022149125,3196.8633754427647,981.9454747227076,3388.675,556.4438280163472,55.44907808714523,192,2647.215,741.46,0.0,0.0,0.0,0.0
2026-04-09,non_bm_multiservice,11014.314146268143,2433.6404187188805,949.0748386603739,8127.71,496.1111111111111,42.1633273523416,222,876.91,283.0,0.0,0.0,6967.8,0.0
2026-04-09,bm_multiservice,11021.97914626814,2433.6404187188805,949.0748386603718,8135.375,496.11111111111114,42.1633273523416,318,861.145,283.0,0.0,0.0,6967.8,23.43
2026-04-10,qr_sr,12216.134633061023,-564.8785543645351,11059.243215503255,2452.9900000000002,731.2200280776954,34.47582300214101,192,2144.885,308.105,0.0,0.0,0.0,0.0
2026-04-10,non_bm_multiservice,15709.405957804973,133.49921524785586,9012.495939660057,7140.400000000001,576.9891971029405,26.729212062918407,222,716.1,125.97999999999999,0.0,0.0,6298.32,0.0
2026-04-10,bm_multiservice,15723.349048171925,267.2489722815142,8898.420939660016,7128.335000000001,570.6558637696055,23.87821615873961,318,707.17,138.48,0.0,0.0,6219.52,63.165
2026-04-11,qr_sr,7406.257543450069,387.0343198666927,4363.676804258217,3353.0350000000003,697.4885806748403,28.919994669198335,192,3032.635,320.4,0.0,0.0,0.0,0.0
2026-04-11,non_bm_multiservice,7542.1097781521285,407.0343198666859,4401.60434717536,3438.16,704.6888888899184,32.03652317690362,222,2823.035,145.125,0.0,0.0,470.0,0.0
2026-04-11,bm_multiservice,7579.976399877367,416.8195359294687,4452.170444622734,3425.575,714.5885806748361,33.509487776140844,318,2726.015,145.125,0.0,0.0,493.0,61.435
2026-04-12,qr_sr,12044.648725479312,859.5320326859896,9371.523505556172,2376.205,562.6118127628495,35.36913625787543,192,1790.88,585.325,0.0,0.0,0.0,0.0
2026-04-12,non_bm_multiservice,13256.827891149342,728.4366243985894,9265.633949238745,3817.675,554.9176824879931,32.021806667762235,222,1454.43,585.325,3.24,46.04,1728.6399999999999,0.0
2026-04-12,bm_multiservice,13328.966489768563,672.8807496661063,9341.442311479339,3865.55,550.906571376882,30.194562698994464,318,1367.185,585.325,9.72,46.04,1728.6399999999999,128.64
2026-04-13,qr_sr,8581.966715558952,1261.697658383326,3628.215581946724,4156.43,464.37652477109714,17.230469140842676,192,3844.57,311.86,0.0,0.0,0.0,0.0
2026-04-13,non_bm_multiservice,11192.857423411153,640.2268058278022,4277.158334488586,6715.805,440.33271690523594,6.6687022321012535,222,963.9449999999999,311.86,0.0,0.0,5440.0,0.0
2026-04-13,bm_multiservice,11245.084363734051,1247.4429866879605,3844.664954573125,6635.405,482.42857752703253,15.776086537362433,318,1024.345,311.86,0.0,0.0,5127.2,172.0
2026-04-14,qr_sr,7553.235304469506,383.64230304625676,4957.553503761365,2910.92,698.8805023381159,33.944631449457695,192,2126.795,784.125,0.0,0.0,0.0,0.0
2026-04-14,non_bm_multiservice,10744.35126217372,625.9788903765482,2100.221086864798,8263.54,245.3887150676281,20.072783528247808,222,934.635,142.625,0.0,0.0,7186.280000000001,0.0
2026-04-14,bm_multiservice,10749.80185178377,616.4815354320442,2163.1046965469486,8224.355,254.13938019522215,22.25929871763398,318,934.21,142.625,0.0,0.0,7111.4,36.12
2026-04-15,qr_sr,10313.146711074041,871.813659524461,6315.505098149971,3760.62,634.7920466003893,31.09047788370195,192,3539.37,221.25,0.0,0.0,0.0,0.0
2026-04-15,non_bm_multiservice,11820.503193413824,58.111169459781166,6681.124230553582,5714.905,633.637206599539,12.287829881984447,222,1455.9,175.125,0.0,0.0,4083.88,0.0
2026-04-15,bm_multiservice,11820.50319341382,58.111169459780996,6681.124230553578,5714.905000000001,633.637206599539,12.287829881984447,318,1455.9,175.125,0.0,0.0,4083.88,0.0
2026-04-16,qr_sr,6958.999661284474,362.8407442730087,2181.089687288611,4804.545,389.47577027714516,13.180845914168692,192,4560.075,244.47,0.0,0.0,0.0,0.0
2026-04-16,non_bm_multiservice,10879.325868702135,347.1579552267277,997.2941656714257,9781.935,247.0612521960183,13.291610439944856,222,2796.145,208.47,0.0,0.0,6777.32,0.0
2026-04-16,bm_multiservice,10879.325868702135,347.15795522672596,997.2941656714271,9781.935,247.0612521960183,13.291610439944835,318,2796.145,208.47,0.0,0.0,6777.32,0.0
2026-04-17,qr_sr,11349.375377660193,53.3749378866072,9189.239908059986,2777.1150000000002,670.3544682863994,27.586161509064965,192,2267.865,509.25,0.0,0.0,0.0,0.0
2026-04-17,non_bm_multiservice,15327.287633970449,350.1573401795278,7701.473010696158,7810.99,535.3327169052359,8.526277703766505,222,447.39,0.0,0.0,0.0,7363.599999999999,0.0
2026-04-17,bm_multiservice,15327.501466367044,350.1573401795278,7701.6868430927525,7810.99,535.332716905236,8.526277703766505,318,447.39,0.0,0.0,0.0,7363.599999999999,0.0
2026-04-18,qr_sr,8936.969056876835,-299.1968863462789,6293.191930768426,3485.8550000000005,542.8809875453113,16.335027051754203,192,3296.045,189.81,0.0,0.0,0.0,0.0
2026-04-18,non_bm_multiservice,12839.947045510551,-287.5896637688342,7053.896956620892,6624.195,550.5552473415069,9.450890852703575,222,626.955,60.239999999999995,0.0,0.0,5937.0,0.0
2026-04-18,bm_multiservice,12947.311425392376,-287.58966376883814,7052.981336502721,6732.475,550.5552473415071,9.450890852703687,318,567.33,30.119999999999997,0.0,0.0,5937.0,198.025
2026-04-19,qr_sr,6190.250201047936,454.4664440601719,4009.2506153552213,2246.8650000000002,520.331858367458,29.106954835370747,192,1625.315,621.5500000000001,0.0,0.0,0.0,0.0
2026-04-19,non_bm_multiservice,10509.19041256209,209.01610788428047,3100.1109713444753,7630.73,430.6666666666667,16.028475545821543,222,91.86,77.71,0.0,0.0,7461.16,0.0
2026-04-19,bm_multiservice,10528.705412562094,209.01610788428047,3341.505971344479,7408.85,430.66666666666663,16.028475545821543,318,113.3,75.0,0.0,0.0,7163.8,56.75
2026-04-20,qr_sr,5095.652063889847,715.6774850373552,1694.9325047373165,3129.39,444.3479258848236,49.7171105645791,192,1685.71,1443.6799999999998,0.0,0.0,0.0,0.0
2026-04-20,non_bm_multiservice,9475.352532121617,102.89694090833977,31.11948010216456,9358.225,16.88888888888892,21.879906465617694,222,213.0,222.625,3.0,0.0,8919.6,0.0
2026-04-20,bm_multiservice,9499.602532121617,102.8969409083397,31.119480102164587,9382.475,16.88888888888892,21.879906465617694,318,213.0,216.125,3.0,0.0,8919.6,30.75
2026-04-21,qr_sr,12710.80085145481,5180.436781342742,5442.7741695346185,2861.0150000000003,773.425099422551,67.77929524711477,192,2629.39,231.625,0.0,0.0,0.0,0.0
2026-04-21,non_bm_multiservice,14982.916699259646,4967.856193368885,4817.384719529294,5816.42,618.7442136385325,65.8709498597592,222,378.63,169.43,0.0,0.0,5268.36,0.0
2026-04-21,bm_multiservice,15029.415383793614,5127.581671996921,4919.745147657449,5643.055,660.9664358607548,67.50566729382348,318,447.225,121.52,0.0,0.0,4826.28,248.03
2026-04-22,qr_sr,20265.027765795254,849.7283719968885,17850.193282687258,2208.995,643.8888888888891,36.339762486834594,192,1830.97,378.025,0.0,0.0,0.0,0.0
2026-04-22,non_bm_multiservice,22898.932016915525,889.8854986665691,15499.508432257127,7072.76,563.2219140081737,37.930389853903165,222,246.805,311.115,6.0,0.0,6508.84,0.0
2026-04-22,bm_multiservice,22920.30701691552,889.8854986665691,15499.508432257127,7094.134999999999,563.2219140081737,37.930389853903165,318,246.805,284.99,6.0,0.0,6508.84,47.5
2026-04-23,qr_sr,7995.337209183558,1274.3698635108808,3656.554381054033,3748.6150000000002,684.2020353813562,43.88492321835042,192,2905.75,842.865,0.0,0.0,0.0,0.0
2026-04-23,non_bm_multiservice,10462.494299570531,1317.0919945893684,759.8470798948777,8727.555,341.9997749137149,45.127181497411996,222,1600.135,211.54000000000002,0.0,0.0,6915.88,0.0
2026-04-23,bm_multiservice,10466.454299570538,1317.0919945893684,759.847079894885,8731.515,341.9997749137151,45.127181497411996,318,1546.135,211.54000000000002,0.0,0.0,6915.88,57.96
2026-04-24,qr_sr,5997.166589431904,496.2184372334947,1293.5011773176948,4487.78,280.33302511928457,44.106363580546585,192,3788.155,699.625,0.0,0.0,0.0,0.0
2026-04-24,non_bm_multiservice,10305.294463322276,85.35069254883307,930.250992995665,9540.915,251.22222222222223,33.76613748788452,222,802.5500000000001,225.125,0.0,0.0,8513.24,0.0
2026-04-24,bm_multiservice,10331.66946332228,85.35069254883398,930.2509929956682,9567.29,251.22222222222223,33.76613748788447,318,802.5500000000001,189.0,0.0,0.0,8513.24,62.5
2026-04-25,qr_sr,5652.550277474727,418.72082806737006,1456.0560399533301,4115.845,338.07159054597275,25.858089158213048,192,3034.805,1081.04,0.0,0.0,0.0,0.0
2026-04-25,non_bm_multiservice,9450.948827659498,387.4399328949572,404.7619034809045,8813.16,154.41300871636275,24.613950738073143,222,229.26,499.78,0.0,0.0,8084.12,0.0
2026-04-25,bm_multiservice,9462.125538599757,421.63517431193236,380.0179621592034,8818.119999999999,157.64759787137655,25.79298656178828,318,223.76,494.4,0.0,0.0,8036.84,63.12
2026-04-26,qr_sr,5325.384591380809,2557.66762097098,176.32281272978503,2994.36,402.96584231995655,79.50113098466814,192,1830.6599999999999,1163.7,0.0,0.0,0.0,0.0
2026-04-26,non_bm_multiservice,9757.741273562086,2498.669979189738,-994.3061451840867,8482.37,228.9925604435674,74.69510936847885,222,494.58,90.03,0.0,0.0,7897.76,0.0
2026-04-26,bm_multiservice,9762.331273562086,2498.669979189738,-1000.816145184087,8493.470000000001,228.99256044356744,74.69510936847885,318,487.08,35.25,0.0,0.0,7897.76,73.38
2026-04-27,qr_sr,7440.355219532194,492.61768834121034,4670.453818378049,2862.545,585.2612871870656,34.64587577586881,192,2202.275,660.27,0.0,0.0,0.0,0.0
2026-04-27,non_bm_multiservice,10849.980151503198,667.7998320217282,2199.102789045196,8378.255000000001,395.1774695637289,27.507084150283656,222,751.385,105.75,0.0,0.0,7521.120000000001,0.0
2026-04-27,bm_multiservice,10862.645151503199,667.7998320217282,2267.182789045196,8322.84,395.177469563725,27.507084150283656,318,652.77,105.75,0.0,0.0,7521.120000000001,43.2
2026-04-28,qr_sr,5432.414271302418,4651.03875407907,-1586.8953465462566,2783.715,415.44413623039577,76.210465825713,192,2332.215,451.5,0.0,0.0,0.0,0.0
2026-04-28,non_bm_multiservice,9485.690273974082,3666.6443291849964,-1210.3751934431232,7395.295,365.8738617677923,60.24608882080711,222,516.105,223.75,0.0,0.0,6655.4400000000005,0.0
2026-04-28,bm_multiservice,9529.747139371826,3903.562688996544,-1398.201687856927,7390.26,365.8738617677923,63.71747670603316,318,507.53,223.75,0.0,0.0,6595.08,63.9
2026-04-29,qr_sr,13222.240764791373,1049.1583929027001,9875.293958807295,3096.85,799.0615869186229,38.493934819663735,192,3056.975,39.875,0.0,0.0,0.0,0.0
2026-04-29,non_bm_multiservice,15582.120510821058,1013.3369380646291,8166.799329713333,6932.115,530.1307569569036,31.11976471647585,222,957.475,0.0,0.0,0.0,5974.639999999999,0.0
2026-04-29,bm_multiservice,15583.659192614436,1013.336938064629,8215.123979516853,6892.950000000001,537.7517249670468,31.11976471647585,318,914.71,0.0,0.0,0.0,5974.639999999999,3.5999999999999996
2026-04-30,qr_sr,20015.301321209972,673.7564874131467,18112.949525582775,2034.5949999999998,805.9996917859498,66.56175013175147,192,1895.8600000000001,138.735,0.0,0.0,0.0,0.0
2026-04-30,non_bm_multiservice,21834.236159138796,721.3629108109224,17134.09360563544,4657.8150000000005,679.0353573075702,65.18273861062542,222,1247.055,44.16,0.0,0.0,3366.6,0.0
2026-04-30,bm_multiservice,21881.702676373727,721.3629108109221,17137.390122870373,4701.985,679.0353573075704,65.18273861062545,318,1270.91,44.16,0.0,0.0,3325.0,61.915
2026-05-01,qr_sr,7994.996364527338,2087.3561972674074,3816.476552517032,2753.355,662.191385257102,44.798191517262566,192,2248.285,505.07,0.0,0.0,0.0,0.0
2026-05-01,non_bm_multiservice,12448.939645141838,2096.6624690344256,2843.0261401947046,7872.1900000000005,362.9389640872922,42.851195236718056,222,613.965,303.065,10.56,0.0,6944.599999999999,0.0
2026-05-01,bm_multiservice,12453.559645141855,2096.6624690344256,2843.0261401947214,7876.810000000001,362.9389640872922,42.851195236718056,318,613.965,286.125,10.56,0.0,6944.599999999999,21.560000000000002
2026-05-02,qr_sr,8483.087297101249,1504.841641252977,5482.495293697056,2165.5550000000003,669.8046378487832,38.604055600723484,192,1557.055,608.5,0.0,0.0,0.0,0.0
2026-05-02,non_bm_multiservice,12990.163845151224,1931.5944187542586,4294.009921079979,7299.47,534.9104946830139,46.495350864088145,222,823.81,40.5,0.0,0.0,6435.16,0.0
2026-05-02,bm_multiservice,13006.314606809208,1926.9744224240062,4367.539464102753,7248.99,537.1892797175519,46.697978435310375,318,825.85,11.5,0.0,0.0,6366.04,45.599999999999994
2026-05-03,qr_sr,3342.580350481408,1805.153156073515,-775.1010932757586,2563.025,250.49671231634812,23.951375340618487,192,1889.625,673.4,0.0,0.0,0.0,0.0
2026-05-03,non_bm_multiservice,8181.189449110068,847.4834384853091,-560.551211597463,7928.035,33.777777777777786,10.9986531259881,222,113.75500000000001,407.0,0.0,0.0,7407.28,0.0
2026-05-03,bm_multiservice,8195.474549204067,915.4012050157266,-584.8316827743342,7907.025,42.11997303732423,11.917462227542874,318,178.725,349.0,0.0,0.0,7355.599999999999,23.700000000000003
2026-05-04,qr_sr,5412.637651976187,2190.7436148243505,877.608577881231,2700.2650000000003,355.979540729395,41.588666517375884,192,1305.13,1395.135,0.0,0.0,0.0,0.0
2026-05-04,non_bm_multiservice,10020.936140239373,926.739097754643,2006.4522166298498,7407.2300000000005,319.48517414511934,17.976890388848176,222,374.46500000000003,222.80499999999998,0.0,0.0,6809.96,0.0
2026-05-04,bm_multiservice,10237.22447646063,1117.666169403072,1708.0162007280528,7728.675,317.1328936704952,21.691610314320975,318,379.545,222.80499999999998,0.0,0.0,6388.200000000001,738.125
2026-05-05,qr_sr,5000.34479512351,3586.516558884968,-593.4880979179916,2434.0299999999997,426.71366584346606,36.61467621894836,192,1283.81,1150.22,0.0,0.0,0.0,0.0
2026-05-05,non_bm_multiservice,9495.276554186847,2941.4897027478646,-1092.4122719440743,7900.205,254.00587661694368,29.236219798726758,222,454.865,104.5,0.0,0.0,7340.84,0.0
2026-05-05,bm_multiservice,9690.801554186843,2941.4897027478623,-1092.4122719440757,8095.73,254.0058766169438,29.236219798726736,318,375.985,52.25,0.0,0.0,7340.84,326.65500000000003
2026-05-06,qr_sr,6075.717919221162,-152.32580416328534,3985.4111929481805,2763.21,520.5774695637332,18.796106153711534,192,2002.46,760.75,0.0,0.0,0.0,0.0
2026-05-06,non_bm_multiservice,9839.79421056244,-180.03889241654184,2982.165155307961,7518.8949999999995,481.2270523289794,18.829323684306132,222,107.155,137.5,0.0,0.0,7274.24,0.0
2026-05-06,bm_multiservice,9906.503408190938,-180.03889241654184,3045.7293529364597,7522.04,481.2270523289794,18.829323684306132,318,199.01000000000002,137.5,0.0,0.0,6560.0,625.53
2026-05-07,qr_sr,8504.019217372397,1203.1267186656005,5610.7796350671815,2508.205,818.0921363603841,29.36248047101423,192,1930.855,577.3499999999999,0.0,0.0,0.0,0.0
2026-05-07,non_bm_multiservice,11316.981034867926,1435.1448414571996,3045.555425092815,7290.665,454.3842316820903,27.062840920428634,222,673.5450000000001,58.0,0.0,0.0,6559.12,0.0
2026-05-07,bm_multiservice,11357.709177140632,1678.1452857704949,2605.535097932944,7533.08,459.05120656280553,32.048517935994106,318,769.37,58.0,0.0,0.0,6464.4,241.31
2026-05-08,qr_sr,5358.597842614183,-906.4081762003912,4602.713961612486,2287.08,624.7879427979119,58.359907882301044,192,1897.46,389.62,0.0,0.0,0.0,0.0
2026-05-08,non_bm_multiservice,9738.944653491782,-1190.156368842669,3480.5657141204033,7855.535,406.9996917859513,57.12886610051788,222,240.335,96.6,0.0,0.0,7518.6,0.0
2026-05-08,bm_multiservice,9738.944653491782,-1190.156368842669,3480.5657141204033,7855.535,406.9996917859513,57.12886610051788,318,240.335,96.6,0.0,0.0,7518.6,0.0
2026-05-09,qr_sr,9804.170301005814,1796.844339127432,6666.358223822026,1922.97,582.0022619436432,34.041126124295005,192,1414.53,508.44,0.0,0.0,0.0,0.0
2026-05-09,non_bm_multiservice,13536.348985768456,1335.18444044055,6718.5772622331415,6017.92,535.3327169052359,24.053640936863353,222,237.86,60.739999999999995,0.0,0.0,5719.32,0.0
2026-05-09,bm_multiservice,13537.32398576845,1465.6494404405498,6607.702262233134,5999.305,535.3327169052359,26.83596153534794,318,244.845,63.57,0.0,0.0,5682.32,8.57
2026-05-10,qr_sr,13583.114344192905,48.689935991827326,13075.772744561915,1145.02,686.3683363608388,22.1837240098257,192,790.86,354.15999999999997,0.0,0.0,0.0,0.0
2026-05-10,non_bm_multiservice,17626.84636008847,623.8500880703278,10433.267322256706,7130.395,560.6660502385644,11.614993230602956,222,260.275,2.56,0.0,0.0,6867.56,0.0
2026-05-10,bm_multiservice,17628.046360088745,623.850088070328,10433.267322256983,7131.595,560.6660502385694,11.614993230602956,318,254.275,2.56,0.0,0.0,6867.56,7.199999999999999
2026-05-11,qr_sr,4892.503869138586,5343.892588535094,-3073.855226622134,2953.34,330.8734927743732,63.044031942754806,192,1887.315,1066.0249999999999,0.0,0.0,0.0,0.0
2026-05-11,non_bm_multiservice,9392.90790050562,4536.077467266909,-2689.153288302394,7863.105,317.1212784588946,53.54931508801981,222,388.42,195.365,0.0,0.0,7279.32,0.0
2026-05-11,bm_multiservice,9423.645590199882,4628.632252359125,-2732.497039749873,7849.665,322.15462240937154,54.34022856942455,318,382.62,195.365,0.0,0.0,7213.679999999999,58.0
2026-05-12,qr_sr,8589.252642539128,-404.20452498160654,7797.285069367797,1887.005,690.8329018470637,49.55034771657233,192,1675.515,211.49,0.0,0.0,0.0,0.0
2026-05-12,non_bm_multiservice,13265.41160549772,-504.1990931180431,7374.878313260853,6937.85,543.1176146450896,45.43181630171878,222,252.175,26.875,0.0,0.0,6658.8,0.0
2026-05-12,bm_multiservice,13342.94173924812,-499.437276676338,7505.638643194184,6878.575,541.8346272697271,45.51331364339204,318,261.175,25.799999999999997,0.0,0.0,6420.0,171.6
2026-05-13,qr_sr,4558.149116235343,1030.5671658398583,2496.234130594087,1619.65,588.3021801986025,36.06017484399824,192,1021.545,598.105,0.0,0.0,0.0,0.0
2026-05-13,non_bm_multiservice,9971.279057911073,197.02879331209635,878.7317544189948,9089.47,193.95148982001825,10.086699851635162,222,213.04000000000002,84.15,0.0,0.0,8792.28,0.0
2026-05-13,bm_multiservice,9971.279057911075,197.02879331209635,878.7317544189959,9089.470000000001,193.95148982001825,10.086699851635162,318,213.04000000000002,84.15,0.0,0.0,8792.28,0.0
2026-05-14,qr_sr,4954.73965127509,-1626.7704985887142,5144.950075153214,1941.7,505.1399252894094,55.75084353808786,192,1683.69,258.01,0.0,0.0,0.0,0.0
2026-05-14,non_bm_multiservice,10095.17733712568,-1560.6868132963027,4263.1948786084495,7736.92,344.25072818646584,54.42756984601462,222,48.65,96.27000000000001,0.0,0.0,7592.0,0.0
2026-05-14,bm_multiservice,10095.17733712568,-1560.6868132963027,4263.194878608448,7736.92,344.2507281864656,54.42756984601462,318,48.65,96.27000000000001,0.0,0.0,7592.0,0.0
2026-05-15,qr_sr,3047.9342310872485,-5.686749296859887,868.5230195453885,2444.6499999999996,259.55203916127965,18.701016740877908,192,2293.275,151.375,0.0,0.0,0.0,0.0
2026-05-15,non_bm_multiservice,7770.84948462389,-429.37461769383475,655.9424356510582,7569.615,25.333333333333364,11.70480414492092,222,381.595,40.5,0.0,0.0,7147.52,0.0
2026-05-15,bm_multiservice,7772.509484623891,-429.37461769383475,786.842435651059,7478.375,63.33333333333335,11.70480414492092,318,491.675,40.5,0.0,0.0,6936.8,9.399999999999999
2026-05-16,qr_sr,2383.8806399785135,-231.67893190665933,715.4621488068738,2063.395,163.29757692170102,15.95977349609492,192,1119.435,943.9599999999999,0.0,0.0,0.0,0.0
2026-05-16,non_bm_multiservice,9824.216947068357,-44.44622193337017,64.72105447865736,9810.56,6.617885476929501,8.468858096666064,222,114.76,285.8,0.0,0.0,9410.0,0.0
2026-05-16,bm_multiservice,9824.216947068357,-44.44622193337017,64.72105447865736,9810.56,6.617885476929501,8.468858096666064,318,114.76,285.8,0.0,0.0,9410.0,0.0
2026-05-17,qr_sr,6697.814732978339,2147.291527907947,3600.2147663731157,1554.06,603.7515613027246,18.64230579628434,192,847.42,706.64,0.0,0.0,0.0,0.0
2026-05-17,non_bm_multiservice,11203.470443697815,2118.59487230694,2497.8502631768274,7013.025,425.9996917859513,17.708717015615637,222,78.1,154.085,0.0,0.0,6780.84,0.0
2026-05-17,bm_multiservice,11220.006443697815,2118.5948723069396,2498.1462631768277,7029.264999999999,425.9996917859514,17.708717015615626,318,78.1,154.085,0.0,0.0,6780.84,16.24
2026-05-18,qr_sr,4682.050446834603,548.829333654026,981.3446938554171,3499.7650000000003,347.8885806748402,47.16582739707758,192,1428.82,2070.945,0.0,0.0,0.0,0.0
2026-05-18,non_bm_multiservice,11634.31132376579,-727.989316735889,1230.7734182794575,11298.305,166.77777777777783,25.307816087253464,222,271.9,186.405,0.0,0.0,10840.0,0.0
2026-05-18,bm_multiservice,11634.31132376579,-727.989316735889,1230.7734182794575,11298.305,166.77777777777783,25.307816087253464,318,271.9,186.405,0.0,0.0,10840.0,0.0
2026-05-19,qr_sr,7150.340782566119,997.4229755046554,3202.6197210696364,3418.52,468.22191400817377,28.62423755386586,192,3328.88,89.64,0.0,0.0,0.0,0.0
2026-05-19,non_bm_multiservice,11223.564510668117,897.7274853967125,3381.417272612909,7453.175000000001,508.7552473415069,26.666739534517568,222,365.4,24.375,8.0,0.0,7055.400000000001,0.0
2026-05-19,bm_multiservice,11224.864510668127,897.7274853967125,3384.777272612921,7451.115,508.7552473415068,26.666739534517568,318,356.205,24.375,8.8,0.0,7055.400000000001,6.335
2026-05-20,qr_sr,5368.343663593162,4781.864562679657,-3278.8290088931562,4161.38,296.0718901933385,43.15507967380331,192,3566.07,595.31,0.0,0.0,0.0,0.0
2026-05-20,non_bm_multiservice,8998.984123486107,4466.487129400804,-3392.8727345196517,8104.545,179.1752713950463,40.64622460374402,222,604.495,424.65,0.0,0.0,7075.4,0.0
2026-05-20,bm_multiservice,8999.114123486106,4466.487129400804,-3396.0138456307623,8105.705,177.06416028393522,40.64622460374402,318,604.495,424.65,0.0,0.0,7075.4,1.16
2026-05-21,qr_sr,7892.367436753419,2532.5888233727655,3953.864971833271,1987.08,581.166358452618,63.514194690515005,192,1266.58,720.5,0.0,0.0,0.0,0.0
2026-05-21,non_bm_multiservice,13274.1680155899,1294.5832583277138,4379.5438934925805,7967.985000000001,367.9441362303957,41.67269820994506,222,345.985,383.0,0.0,0.0,7239.0,0.0
2026-05-21,bm_multiservice,13281.6680155899,1294.5832583277138,4379.5438934925805,7975.485000000001,367.9441362303957,41.67269820994506,318,320.985,370.5,0.0,0.0,7239.0,45.0
2026-05-22,qr_sr,6958.572885149307,1115.912478499562,3934.271019306172,2446.8,538.4106126564276,23.69138419961817,192,2170.04,276.76,0.0,0.0,0.0,0.0
2026-05-22,non_bm_multiservice,11699.36960257675,1099.8403841777704,3668.3591575264372,7463.125,531.9549391274586,27.053991239247644,222,165.525,35.0,235.2,0.0,7027.4,0.0
2026-05-22,bm_multiservice,11701.069602576663,1099.8403841777922,3668.35915752633,7464.825000000001,531.954939127459,27.053991239248067,318,163.975,35.0,235.2,0.0,7027.4,3.25
2026-05-23,qr_sr,5678.950740884757,-8.965599455607887,2803.52714939529,3317.535,433.14580905492556,12.523499234003499,192,3104.4249999999997,213.11,0.0,0.0,0.0,0.0
2026-05-23,non_bm_multiservice,10081.617565676119,-184.5884410569804,3422.213784510876,7276.7699999999995,432.7777777777776,6.425224819729925,222,228.14999999999998,104.82,0.0,0.0,6943.8,0.0
2026-05-23,bm_multiservice,10082.517565676115,-184.5884410569891,3416.5687845108823,7283.315,432.7777777777778,6.425224819730191,318,224.73,104.82,0.0,0.0,6943.8,9.965
2026-05-24,qr_sr,5242.616276633999,-183.47203136958592,3871.076967284374,1999.48,444.46865928078904,14.131368108756504,192,1589.92,409.56,0.0,0.0,0.0,0.0
2026-05-24,non_bm_multiservice,12048.49514435016,-74.07655474753707,2818.3447242169814,9641.56,337.3330251192847,7.364767121655069,222,32.36,26.32,1.72,0.0,9581.16,0.0
2026-05-24,bm_multiservice,12048.49514435016,-74.07655474753707,2818.344724216981,9641.56,337.3330251192847,7.364767121655069,318,32.36,26.32,1.72,0.0,9581.16,0.0
2026-05-25,qr_sr,6116.9781288630875,177.4937501250806,4546.654133623135,1781.21,388.37975488512797,20.67223314119132,192,1166.665,614.5450000000001,0.0,0.0,0.0,0.0
2026-05-25,non_bm_multiservice,10696.936323070722,64.29433785890024,4530.125099980672,6498.645,396.1281147688495,17.74604965485662,222,269.26,45.625,0.0,560.0,5623.76,0.0
2026-05-25,bm_multiservice,10696.936323070728,64.29433785890024,4530.125099980676,6498.645,396.12811476884985,17.74604965485662,318,269.26,45.625,0.0,560.0,5623.76,0.0
2026-05-26,qr_sr,4394.769836501378,382.8183400972557,2645.7702042135766,1756.415,390.2337078094529,17.425334260522995,192,1312.34,444.07500000000005,0.0,0.0,0.0,0.0
2026-05-26,non_bm_multiservice,9164.149000613153,192.26414822547213,2224.730655284744,7080.264999999999,333.1108028970622,13.326066687498617,222,209.14499999999998,108.4,0.0,0.0,6762.72,0.0
2026-05-26,bm_multiservice,9167.165379308173,213.08841132034223,2017.068935327566,7266.905,329.8969673397342,13.744805751510292,318,162.41,78.9,26.88,0.0,6991.639999999999,7.074999999999999
2026-05-27,qr_sr,5016.899317186849,-4.276518919476899,4299.1951378832455,1275.8600000000001,553.8793017769191,71.3948737390902,192,835.23,440.63,0.0,0.0,0.0,0.0
2026-05-27,non_bm_multiservice,11547.090329084747,-24.516264028495215,2172.9442136132247,9723.405,324.742620499983,34.42586342465378,222,85.625,5.34,0.0,0.0,9632.44,0.0
2026-05-27,bm_multiservice,11547.315329084748,-24.516264028495215,2172.9442136132247,9723.630000000001,324.7426204999831,34.42586342465378,318,85.125,5.34,0.0,0.0,9632.44,0.725
2026-05-28,qr_sr,13600.793752171416,-218.4330585369565,13468.334280272104,1076.67,725.7774695637306,53.21569862331002,192,755.8199999999999,320.85,0.0,0.0,0.0,0.0
2026-05-28,non_bm_multiservice,18262.35717011226,-25.96753102241464,11898.803350385635,6951.3550000000005,561.8336492509632,48.872969322548045,222,60.905,22.93,0.0,0.0,6867.52,0.0
2026-05-28,bm_multiservice,18269.097170112254,-25.967531022415585,11898.823350385632,6958.075,561.8336492509632,48.872969322548066,318,44.845,22.93,0.0,0.0,6867.52,22.78
2026-05-29,qr_sr,6569.166735014641,-460.6172135116621,4470.292519214394,3003.5550000000003,444.063570688091,46.694638891059725,192,2844.08,159.47500000000002,0.0,0.0,0.0,0.0
2026-05-29,non_bm_multiservice,10280.544924341084,-441.8404674580607,4923.213461177833,6322.1,522.9280693786898,46.38724380347769,222,73.25,36.25,50.599999999999994,453.6,5708.4,0.0
2026-05-29,bm_multiservice,10279.997089699562,-441.84046745806086,4940.9536516556,6309.595,528.7110944979786,46.38724380347769,318,72.025,36.25,39.31999999999999,453.6,5708.4,0.0
2026-05-30,qr_sr,3026.5253378830785,951.3154208440441,555.7137111246761,1859.5049999999999,340.0087940856421,36.62186020317203,192,1727.185,132.32,0.0,0.0,0.0,0.0
2026-05-30,non_bm_multiservice,8839.88995748971,907.5088654973265,-153.83167854588356,8285.75,199.53722946173443,35.06020059048951,222,207.64499999999998,26.785,0.0,0.0,8051.32,0.0
2026-05-30,bm_multiservice,8839.88995748971,907.5088654973265,-153.83167854588356,8285.75,199.53722946173443,35.06020059048951,318,207.64499999999998,26.785,0.0,0.0,8051.32,0.0
2026-05-31,qr_sr,3842.2531015044005,2643.5650111380405,352.8722195882292,1231.725,385.9091292218691,40.45703745257052,192,954.1,277.625,0.0,0.0,0.0,0.0
2026-05-31,non_bm_multiservice,9995.86668710905,2467.2333093918132,420.04029172541027,7481.8150000000005,373.2219140081746,38.00163191816384,222,200.505,34.75,0.0,0.0,7246.56,0.0
2026-05-31,bm_multiservice,9997.96668710906,2467.233309391846,420.04029172539026,7483.915,373.22191400817525,38.001631918164016,318,194.505,34.75,0.0,0.0,7246.56,8.1
2026-06-01,qr_sr,5282.018482371162,3304.675205569486,480.16972485842325,1887.7549999999999,390.5814480567477,38.50175988046889,192,1722.48,165.275,0.0,0.0,0.0,0.0
2026-06-01,non_bm_multiservice,10054.333839841463,2779.909132524991,267.41806938139337,7394.610000000001,387.60336206492116,31.626657439101834,222,332.695,52.795,0.0,0.0,7009.12,0.0
2026-06-01,bm_multiservice,10054.504071332161,2779.909132524991,336.80330087209074,7325.395,387.60336206492104,31.626657439101834,318,346.99,53.6,0.0,0.0,6922.0,2.805
2026-06-02,qr_sr,5401.829287041074,1177.0511794562835,1963.9961451559855,2883.885,623.1030375711956,33.61191257451745,192,2663.405,220.48,0.0,0.0,0.0,0.0
2026-06-02,non_bm_multiservice,7953.235557319825,803.5488339055681,1164.9124975562938,6330.285,345.5107741420366,29.192174784617652,222,804.005,86.48,0.0,0.0,5439.8,0.0
2026-06-02,bm_multiservice,8047.05531650545,803.5488339055681,1209.7455900752518,6385.605,351.8441074753696,29.192174784617652,318,624.645,86.375,0.0,0.0,5376.0,298.585
2026-06-03,qr_sr,10136.70426169225,1924.7102277673882,6735.459727001713,2169.9449999999997,693.4106930768509,26.164630295862622,192,2118.0,51.945,0.0,0.0,0.0,0.0
2026-06-03,non_bm_multiservice,13084.703723254754,1570.086452079619,5637.629275448899,6306.3,429.31200427376365,20.454366192441455,222,792.075,22.225,206.64,99.36,5186.0,0.0
2026-06-03,bm_multiservice,13085.303723254754,1570.086452079619,5637.629275448898,6306.9,429.31200427376365,20.454366192441455,318,783.45,10.0,206.64,99.36,5186.0,21.45
2026-06-04,qr_sr,16041.558672205183,581.0416262315472,14414.873612678406,2004.12,958.4765667047707,33.557829463709595,192,1882.29,121.83,0.0,0.0,0.0,0.0
2026-06-04,non_bm_multiservice,17889.905119758187,653.8830967548573,13466.840851019679,4705.625,936.443828016347,29.163436633595452,222,497.38,27.125,50.400000000000006,0.0,4130.719999999999,0.0
2026-06-04,bm_multiservice,17907.53511975826,653.8830967548573,13466.840851019751,4723.254999999999,936.4438280163488,29.163436633595452,318,490.38,0.0,50.400000000000006,0.0,4130.719999999999,51.755
2026-06-05,qr_sr,6101.236886507386,63.76822828309935,4274.513530302821,2252.375,489.41987207853464,29.178706363805595,192,2075.665,176.70999999999998,0.0,0.0,0.0,0.0
2026-06-05,non_bm_multiservice,9945.310686267678,358.8010783117198,2692.2050174790174,7228.475,334.17040952306,21.892494347473225,222,408.85,62.625,0.0,0.0,6757.0,0.0
2026-06-05,bm_multiservice,10011.61433492662,538.1641541408699,2585.107380968542,7214.25,325.9072001827916,17.17013880295023,318,414.90999999999997,62.375,0.0,0.0,6651.8,85.16499999999999
2026-06-06,qr_sr,13887.544211119104,7286.019469277129,4123.356903191655,3145.445,667.2771613496803,50.79330053972105,192,2455.37,690.075,0.0,0.0,0.0,0.0
2026-06-06,non_bm_multiservice,17434.911326244237,7258.445521108095,3032.898522041377,7678.900000000001,535.332716905236,50.50930901678322,222,901.28,12.42,0.0,0.0,6765.200000000001,0.0
2026-06-06,bm_multiservice,17435.19132624423,7258.445521108095,3032.8985220413697,7679.18,535.332716905236,50.50930901678322,318,900.78,12.42,0.0,0.0,6765.200000000001,0.78
2026-06-07,qr_sr,16833.718433858354,1342.8113304949297,15035.055358376794,1153.135,697.283255013369,31.841062781715657,192,976.26,176.875,0.0,0.0,0.0,0.0
2026-06-07,non_bm_multiservice,19220.11804100569,1285.5691258684767,13710.418836817253,4774.4800000000005,550.3499216800357,28.742176258967067,222,632.46,14.499999999999998,189.44,151.0,3787.08,0.0
2026-06-07,bm_multiservice,19250.76744090604,1293.129015418819,13539.763347167254,4968.225,550.3499216800357,31.187118164889338,318,824.46,14.499999999999998,189.44,0.0,3787.08,152.745
2026-06-08,qr_sr,5486.272820671707,262.4376552950031,1455.2573386516015,4019.64,251.06217327489713,15.408995155392002,192,1896.96,2122.68,0.0,0.0,0.0,0.0
2026-06-08,non_bm_multiservice,7075.952186114148,195.8413518013465,615.9217147588552,6545.085,280.89588044605324,19.094993785031498,222,801.855,2107.23,0.0,0.0,3636.0,0.0
2026-06-08,bm_multiservice,7332.327186114148,195.8413518013465,615.9217147588552,6801.46,280.89588044605324,19.094993785031498,318,717.73,2076.855,0.0,0.0,3636.0,370.875
2026-06-09,qr_sr,8047.532008383682,2365.0232339711456,3123.4517948107987,3020.735,461.67802039826273,36.85027289209345,192,2763.76,256.975,0.0,0.0,0.0,0.0
2026-06-09,non_bm_multiservice,9932.450999538958,1833.0554276461307,3941.8566883904477,4634.110000000001,476.5711164976221,29.77234790031322,222,509.035,61.035,1.0,0.0,4063.04,0.0
2026-06-09,bm_multiservice,10043.389886146699,1833.0554276461326,4028.3775498789037,4675.545,493.5880913783358,29.772347900313246,318,496.025,27.659999999999997,2.0,0.0,3980.56,169.3
2026-06-10,qr_sr,6674.393938870023,731.8403536178578,4223.833585252162,2307.7200000000003,588.9999999999976,16.313071063093034,192,488.345,1819.375,0.0,0.0,0.0,0.0
2026-06-10,non_bm_multiservice,11055.285562109044,650.3223929758522,3233.4906386969205,7517.25,345.77746956372914,14.967604479662777,222,46.085,1106.925,0.0,0.0,6364.24,0.0
2026-06-10,bm_multiservice,11058.383063664445,823.9340567717753,3131.9731431230653,7460.92,358.44413623039577,18.461326140684243,318,43.425,1073.625,0.0,0.0,6302.36,41.510000000000005
2026-06-11,qr_sr,3893.0332729528386,5990.116130889909,-3473.79254972302,1851.31,474.60030821404996,61.79970221385399,192,1649.33,201.98,0.0,0.0,0.0,0.0
2026-06-11,non_bm_multiservice,9700.470410125414,4513.229558931735,-3447.542213929099,8788.01,153.22693487722302,46.34223669858739,222,183.76999999999998,93.47999999999999,29.12,0.0,8481.64,0.0
2026-06-11,bm_multiservice,9707.778743458744,4513.2295589317355,-3454.167213929101,8795.61,146.89360154388973,46.34223669858741,318,183.76999999999998,79.025,21.2,0.0,8481.64,29.974999999999998
2026-06-12,qr_sr,15249.279096629041,2199.422407320521,12771.105044409,1064.85,786.0983551004797,52.48052931650534,192,925.6,139.25,0.0,0.0,0.0,0.0
2026-06-12,non_bm_multiservice,20538.52436646421,1710.2867574699487,12001.584073782811,7495.225,668.5714647885468,42.796704771510576,222,668.085,44.7,0.0,0.0,6782.4400000000005,0.0
2026-06-12,bm_multiservice,20538.524366464215,1710.2867574699574,12001.584073782804,7495.225,668.5714647885469,42.7967047715108,318,668.085,44.7,0.0,0.0,6782.4400000000005,0.0
2026-06-13,qr_sr,15939.832910660842,108.8148935726453,14356.435857203562,2229.1400000000003,754.5578401153676,28.282858574593696,192,2200.39,28.75,0.0,0.0,0.0,0.0
2026-06-13,non_bm_multiservice,16927.734048045266,123.59452994095548,14221.571976786683,3333.2499999999995,750.6824586823718,23.223600655678844,222,1237.3,28.75,0.0,785.8399999999999,1281.36,0.0
2026-06-13,bm_multiservice,16981.317673270554,76.82784913222375,13796.309639134131,3848.405,740.2248149957977,24.64645464975346,318,1397.26,28.75,0.0,785.8399999999999,637.6,998.955
2026-06-14,qr_sr,11862.4743524812,42.887828929216084,10276.01395888355,2140.17,596.5974353315664,28.542772481159705,192,2004.445,135.725,0.0,0.0,0.0,0.0
2026-06-14,non_bm_multiservice,15530.431194767983,55.481235107857025,10090.827676565365,5951.755,567.6327169052365,19.8947796353133,222,183.57,7.425000000000001,0.0,0.0,5760.76,0.0
2026-06-14,bm_multiservice,16457.910133571,114.3337071494805,8764.19889598525,8058.155,478.77746956372937,21.225384280543956,318,166.825,11.2,0.0,0.0,3046.48,4833.65
2026-06-15,qr_sr,5428.669980412479,2831.3759951648503,-255.03349414356694,3185.45,333.1225206088035,47.88398348971593,192,2958.17,227.28,0.0,0.0,0.0,0.0
2026-06-15,non_bm_multiservice,10579.67197907204,2342.4858467260037,-593.0377565428525,9079.335,249.11111111111114,41.81201077589651,222,191.2,78.255,0.8,0.0,8809.08,0.0
2026-06-15,bm_multiservice,10623.855212325983,2342.4858467260037,-608.6417455111332,9134.900000000001,244.8888888888889,41.81201077589651,318,195.865,62.505,0.0,0.0,8809.08,67.45
2026-06-16,qr_sr,6430.365663069031,933.2116198420088,4318.252167922782,1880.78,701.8781246957594,28.72352270564963,192,1659.205,221.575,0.0,0.0,0.0,0.0
2026-06-16,non_bm_multiservice,10548.387758619567,386.00484145429687,2893.5179171652694,7741.965000000001,473.0999999999999,12.990944782114367,222,243.39,48.375,2.4,0.0,7447.8,0.0
2026-06-16,bm_multiservice,10549.10775861957,386.0048414542945,2893.517917165275,7742.685000000001,473.0999999999999,12.990944782114312,318,242.74,48.375,1.2,0.0,7447.8,2.57
2026-06-17,qr_sr,6426.060648553212,3523.538369443225,129.7289276227466,3249.615,476.82164851275945,31.61081876005317,192,3117.67,131.945,0.0,0.0,0.0,0.0
2026-06-17,non_bm_multiservice,10419.348984572678,2754.843905006517,1309.8850795661615,6877.12,522.5,23.46388401949736,222,442.28999999999996,75.75,23.0,0.0,6336.08,0.0
2026-06-17,bm_multiservice,10436.348984572678,2754.843905006517,1309.8850795661606,6894.12,522.5,23.46388401949736,318,442.28999999999996,58.25,23.0,0.0,6336.08,34.5
2026-06-18,qr_sr,5813.9639036547815,535.544099569404,1703.4356662329064,4030.455,455.4708621475294,10.558657223826785,192,3556.83,473.625,0.0,0.0,0.0,0.0
2026-06-18,non_bm_multiservice,11761.153431905997,267.21156259202087,763.5313137584229,10966.855,236.4444444444445,2.262406544842821,222,46.055,320.0,0.0,0.0,10600.8,0.0
2026-06-18,bm_multiservice,11772.866989825692,117.49112329458424,816.4103109755539,11018.41,179.44444444444446,4.899763888311348,318,46.05,320.0,0.0,0.0,10600.8,51.56
2026-06-19,qr_sr,7957.683007057912,1720.3376595446628,3573.1641509008778,3173.5499999999997,509.3688033876289,47.5917276404102,192,3097.625,75.925,0.0,0.0,0.0,0.0
2026-06-19,non_bm_multiservice,13489.11663151723,1239.3728081487136,3830.0687611848152,8887.89,468.2149378162982,39.53958135148654,222,413.60999999999996,0.0,142.8,0.0,8331.48,0.0
2026-06-19,bm_multiservice,13492.596631517226,1239.3728081487156,3830.068761184808,8891.37,468.2149378162985,39.53958135148656,318,410.90999999999997,0.0,142.8,0.0,8331.48,6.18
2026-06-20,qr_sr,4819.892272760702,2621.674018442449,758.8998790202868,1961.0549999999998,521.7366247020323,17.882561086634997,192,1830.82,130.235,0.0,0.0,0.0,0.0
2026-06-20,non_bm_multiservice,9285.319878445016,188.60900008704692,1898.9264339135239,7474.34,276.5555555555554,1.1142418717439373,222,215.775,28.125,0.08,0.0,7230.360000000001,0.0
2026-06-20,bm_multiservice,9287.694878445014,188.60900008704692,1898.9264339135211,7476.715,276.55555555555543,1.1142418717439373,318,215.775,19.125,0.08,0.0,7230.360000000001,11.375
2026-06-21,qr_sr,4383.743003180514,1089.1213267892765,2135.6588377409184,1702.74,543.7771613496805,22.50077932405099,192,1208.805,493.935,0.0,0.0,0.0,0.0
2026-06-21,non_bm_multiservice,9289.737180496024,1033.956865905474,427.95445082094534,8129.2699999999995,301.44413623039577,21.17234790413457,222,136.795,35.115,3.2,0.0,7954.16,0.0
2026-06-21,bm_multiservice,9297.98718049603,1033.9568659054733,427.954450820951,8137.5199999999995,301.4441362303957,21.172347904134547,318,137.295,21.990000000000002,3.2,0.0,7954.16,20.875
2026-06-22,qr_sr,9963.307744256272,1726.8803907253878,4328.358020252309,4376.969999999999,468.9006667214228,63.49268372256669,192,2532.425,1844.545,0.0,0.0,0.0,0.0
2026-06-22,non_bm_multiservice,15617.199520853485,1694.209118693084,3377.0472769630865,11008.695,462.7518748026873,62.28150041142286,222,1414.215,444.0,46.0,0.0,9104.48,0.0
2026-06-22,bm_multiservice,15719.202649544313,1694.2091186930916,3440.0472208999827,11058.045000000002,473.0986900487631,62.281500411422975,318,1299.61,429.625,46.0,0.0,9022.0,260.81
2026-06-23,qr_sr,38435.50860261161,1254.4052898035534,34951.249008396015,2978.87,749.0156955879572,19.215758020548257,192,1112.595,1866.275,0.0,0.0,0.0,0.0
2026-06-23,non_bm_multiservice,41845.78369435775,1076.3791696341339,31877.902554516233,9317.675,426.17302979261734,15.34142131631352,222,166.645,413.75,470.0,1012.8000000000001,7254.48,0.0
2026-06-23,bm_multiservice,41999.20638488712,1108.1576962896972,32319.68258215965,9008.645,437.27889356222136,15.945115117241293,318,49.980000000000004,228.5,98.0,1012.8000000000001,6939.16,680.2049999999999
2026-06-25,qr_sr,9239.487431968364,877.5051464244198,670.6191480754437,7940.0,248.63686253149956,22.001776286142793,192,3174.38,4765.62,0.0,0.0,0.0,0.0
2026-06-25,non_bm_multiservice,12232.359982510538,874.1320352159463,779.636659419471,10833.37,254.77871212488117,18.93016768692374,222,1171.7250000000001,4106.6050000000005,146.16,0.0,5408.88,0.0
2026-06-25,bm_multiservice,13099.49521888321,931.3764477352349,678.9692483616677,11734.75,245.60047721369332,22.130036117914432,318,495.85,206.0,194.88,0.0,8090.16,2747.8599999999997
2026-06-26,qr_sr,13535.022089303116,1804.8350969733508,1046.649361305468,11080.630000000001,397.09236897570344,26.898403651185344,192,2098.76,8981.87,0.0,0.0,0.0,0.0
2026-06-26,non_bm_multiservice,15890.748131768347,1028.524099254212,2450.27749575324,12861.715,449.768463239105,17.793635160506362,222,442.585,6961.29,0.0,0.0,5457.84,0.0
2026-06-26,bm_multiservice,16495.076215036544,1010.4761796744097,2597.9390541567955,13346.985,460.3240187946607,17.61028276372667,318,411.92499999999995,4540.53,0.0,0.0,5657.280000000001,2737.25
2026-06-27,qr_sr,11433.922458393385,204.82793598405863,9557.384016635508,2356.22,684.5094942261805,33.572190378380554,192,2133.095,223.125,0.0,0.0,0.0,0.0
2026-06-27,non_bm_multiservice,17567.604344696807,281.1016992747005,8367.261829618268,9450.880000000001,531.6391841961624,32.02741391965574,222,137.63,58.25,814.0,0.0,8441.0,0.0
2026-06-27,bm_multiservice,17567.604344696807,281.1016992747005,8367.261829618268,9450.880000000001,531.6391841961627,32.02741391965574,318,137.63,58.25,814.0,0.0,8441.0,0.0
2026-06-28,qr_sr,23582.677874884062,3566.339736975825,19240.883235381192,1463.605,688.1500974729541,49.819976225386576,192,1177.205,286.4,0.0,0.0,0.0,0.0
2026-06-28,non_bm_multiservice,26212.303281552628,3079.471133117286,19040.800173554628,4733.365,641.3330251192847,43.000400974583286,222,484.74,155.425,0.0,0.0,4093.2000000000003,0.0
2026-06-28,bm_multiservice,26366.104034231103,3079.471133117273,19049.395926233115,4878.570000000001,641.333025119285,43.00040097458345,318,403.035,58.3,0.0,0.0,4093.2000000000003,324.03499999999997
2026-06-29,qr_sr,9315.906939218083,3215.924502973422,1609.3355079936475,4978.905,488.25807174898694,35.60144307194966,192,1487.4,3491.505,0.0,0.0,0.0,0.0
2026-06-29,non_bm_multiservice,12481.30707277067,2327.6157304230437,857.4373533262134,9701.955,405.70101097858594,24.466535127923173,222,1554.6200000000001,199.375,0.0,0.0,7947.96,0.0
2026-06-29,bm_multiservice,12838.69464454477,2293.2174041973176,574.3653451935795,10356.185000000001,385.07310484612987,24.00053249006886,318,1533.5049999999999,141.625,0.0,0.0,7587.12,1093.935
2026-06-30,qr_sr,11266.064637874148,1389.592155656823,77.73109946463683,10083.725,284.9836172473124,14.292851884852464,192,1263.3,8820.425,0.0,0.0,0.0,0.0
2026-06-30,non_bm_multiservice,14038.912604334875,2052.9687363321905,165.90411534418888,12199.595000000001,379.55524734150686,18.913344414147204,222,157.13,7165.905,0.0,146.28,4730.280000000001,0.0
2026-06-30,bm_multiservice,14246.134019580999,2095.6654157009657,367.2836038800343,12163.185,380.0,18.844249876169037,318,254.56,6463.3,0.0,0.0,4730.280000000001,715.0450000000001
