settlement_date,scenario,forecast_selection_objective_gbp,realised_wholesale_margin_gbp,acceptance_calibrated_ancillary_gbp,acceptance_calibrated_total_gbp,stage11_perfect_information_total_gbp,reserve_aware_wholesale_only_gbp,offered_mw_hours,acceptance_calibrated_expected_accepted_mw_hours,price_eligible_offer_pct,mean_predicted_acceptance_pct,contract_rows,mean_reserve_corridor_width_mwh,baseline_forecast_wholesale_value_gbp
2026-05-01 00:00:00,non_bm,5436.445624903269,2970.992215006246,2553.4984813634383,5524.490696369685,12448.939645141838,3792.484503397069,597.0,271.8176621991875,100.0,49.47016869730474,29,114.01944994118834,4240.568115874374
2026-05-01 00:00:00,bm_eligible,5436.445624903269,2970.992215006246,2553.4984813634383,5524.490696369685,12453.559645141857,3792.484503397069,597.0,271.8176621991875,100.0,49.47016869730474,29,114.01944994118834,4240.568115874374
2026-05-02 00:00:00,non_bm,5225.61909442683,4365.256682944514,2612.336773020923,6977.593455965437,12990.163845151224,4390.775222277544,596.0,294.9242698926644,100.0,50.8687472020995,28,119.24843507742942,3869.322481688759
2026-05-02 00:00:00,bm_eligible,5242.632395780929,4365.256682944504,2681.1395589863696,7046.396241930874,13006.314606809208,4390.775222277544,596.5,291.3006250667502,100.0,50.125895294787234,29,119.24843507742942,3869.322481688759
2026-05-03 00:00:00,non_bm,5294.534841703129,-443.3650448583796,2613.553024454121,2170.1879795957416,8181.189449110068,-741.0288813908463,597.0,295.0007942594766,100.0,50.81999742245367,28,116.28823947626874,3927.086017035437
2026-05-03 00:00:00,bm_eligible,5323.511037160125,-443.3650448583796,2572.2190027428987,2128.85395788452,8195.474549204067,-741.0288813908463,597.5,286.8535727502931,100.0,47.988592249889045,29,116.28823947626874,3927.086017035437
2026-05-04 00:00:00,non_bm,4949.479188750296,1680.980955333247,2891.73319411101,4572.714149444257,10020.936140239372,1960.8444832391792,596.0,278.5421038847114,100.0,46.27873935186923,29,120.14044728300382,3520.92529521048
2026-05-04 00:00:00,bm_eligible,4997.728851059684,1715.019470225246,3027.784899683559,4742.804369908805,10237.22447646063,1960.8444832391792,597.0,291.0194853528453,100.0,48.22418096993118,29,120.14044728300382,3520.92529521048
2026-05-05 00:00:00,non_bm,4865.78800672275,1779.4910262244564,2805.4931441905464,4584.984170415003,9495.276554186848,2155.3513876523,600.0,284.2426955770808,100.0,46.9570584028184,28,112.2988390154764,3190.664704891541
2026-05-05 00:00:00,bm_eligible,4959.406400918812,1806.7604706689049,2775.861079268888,4582.621549937792,9690.801554186844,2155.3513876523,600.0,295.94292406030286,100.0,50.41704374800951,28,112.2988390154764,3190.664704891541
2026-05-06 00:00:00,non_bm,4760.079218575764,2624.077769809653,2908.5003976699727,5532.578167479626,9839.79421056244,2885.44509892311,597.0,292.96632004302245,100.0,50.187938647110805,28,118.20808836108564,3154.314008986056
2026-05-06 00:00:00,bm_eligible,4815.09180984754,2637.3679885138795,2893.9218565445567,5531.289845058436,9906.503408190938,2885.44509892311,597.5,295.6096874615173,100.0,50.272654706388366,30,118.20808836108564,3154.314008986056
2026-05-07 00:00:00,non_bm,4565.101604644252,3600.627281023581,3063.291519220184,6663.918800243765,11316.981034867926,4466.884357124039,600.0,291.46587726973763,100.0,49.08239826345401,28,110.77171835870774,3018.5422229102505
2026-05-07 00:00:00,bm_eligible,4608.052248026003,3658.1062121019295,3235.2732320497685,6893.379444151698,11357.709177140632,4466.884357124039,600.0,300.55863865030057,100.0,54.28545426892979,37,110.77171835870774,3018.5422229102505
2026-05-08 00:00:00,non_bm,4515.4409704142645,1776.707385592169,3060.0482522638417,4836.755637856011,9738.944653491782,1510.0996748031148,596.5,293.8316709876485,100.0,51.01335632895666,28,116.34006836406304,3038.4769431421964
2026-05-08 00:00:00,bm_eligible,4609.111243087871,1821.2345385286987,2773.2281502507503,4594.462688779449,9738.944653491782,1510.0996748031148,600.0,295.0256239749819,97.14285714285714,52.08068426745452,35,116.34006836406304,3038.4769431421964
2026-05-09 00:00:00,non_bm,4261.910742366471,5349.970559336104,2349.7505097988483,7699.721069134952,13536.348985768456,4922.4412946775965,600.0,283.95520952796534,100.0,46.27213236473178,28,109.7139898402086,2722.398506255683
2026-05-09 00:00:00,bm_eligible,4304.907094352256,5349.970559336102,2343.716571045172,7693.687130381273,13537.32398576845,4922.4412946775965,600.0,290.32611477488865,100.0,50.312117493221855,28,109.7139898402086,2722.398506255683
2026-05-10 00:00:00,non_bm,4554.827100116942,5161.777480971417,2586.378651840591,7748.156132812008,17626.84636008847,4181.054098993232,599.0,289.91106757756666,100.0,50.58827816134258,30,108.7003810560088,3114.98324668853
2026-05-10 00:00:00,bm_eligible,4603.0715512294655,5161.7774809714165,2581.506393307689,7743.2838742791055,17628.046360088745,4181.054098993232,599.0,296.92673267367013,100.0,52.34224935717003,30,108.7003810560088,3114.98324668853
2026-05-11 00:00:00,non_bm,5051.023956056419,-2091.576382373083,2872.364722243219,780.788339870136,9392.90790050562,-2168.963993677088,597.0,289.3124812194017,100.0,47.36766900050953,29,110.51548237453484,3423.796805511587
2026-05-11 00:00:00,bm_eligible,5110.831377624686,-1822.414911818912,2876.568709125412,1054.1537973065006,9423.645590199882,-2168.963993677088,597.0,298.54692073373747,100.0,50.61686724814154,31,110.51548237453484,3423.796805511587
2026-05-12 00:00:00,non_bm,4419.835632014551,4744.128906955709,2646.878205691597,7391.007112647306,13265.41160549772,4802.966169086743,600.0,286.75587581076866,100.0,47.56126128853838,28,109.14104231689358,2638.843818165091
2026-05-12 00:00:00,bm_eligible,4550.275846693689,4863.639462511266,2550.944011656925,7414.583474168191,13342.94173924812,4802.966169086743,600.0,293.19964301086776,100.0,49.882372038599,28,109.14104231689358,2638.843818165091
2026-05-13 00:00:00,non_bm,4751.989953688599,2143.937117079175,3002.5412373451995,5146.478354424375,9971.279057911072,2388.268566083402,599.0,294.3374402274555,100.0,49.18597148751962,30,108.79063398625158,2999.017318592497
2026-05-13 00:00:00,bm_eligible,4820.720683668132,2201.7471170791746,3003.2965654481764,5205.043682527351,9971.279057911075,2388.268566083402,599.5,300.75529737353213,100.0,50.90795584715679,30,108.79063398625158,2999.017318592497
2026-05-14 00:00:00,non_bm,4480.970578053318,1458.6756280667282,2705.934535987977,4164.610164054706,10095.17733712568,840.577106246951,598.5,269.6501095665664,100.0,40.95558540691906,30,109.49806110674604,2755.437960211978
2026-05-14 00:00:00,bm_eligible,4560.138801090987,1474.2867391778382,2687.75802339627,4162.044762574108,10095.17733712568,840.577106246951,599.0,287.3516820409708,100.0,48.3680624459429,30,109.49806110674604,2755.437960211978
2026-05-15 00:00:00,non_bm,4391.108651642527,54.55802079218779,2808.8863486213863,2863.4443694135743,7770.84948462389,91.68998646840988,597.5,280.46203147718626,100.0,46.066089517340096,30,113.88510297956356,2859.784453355097
2026-05-15 00:00:00,bm_eligible,4428.240045499276,94.20291202879464,2735.17133353218,2829.3742455609745,7772.509484623891,91.68998646840988,597.0,285.5653771412721,100.0,50.32532428652586,30,113.88510297956356,2859.784453355097
2026-05-16 00:00:00,non_bm,4130.287422600122,-1564.1630525506678,3235.4787870603845,1671.3157345097168,9824.216947068357,-1735.3236174149963,583.0,268.1949245795579,100.0,41.23860341615543,28,118.43254772913794,2670.2172047364006
2026-05-16 00:00:00,bm_eligible,4162.358786128068,-1594.3182144812315,3078.3934886556667,1484.075274174435,9824.216947068357,-1735.3236174149963,595.5,273.71077831051343,100.0,46.61136999379879,31,118.43254772913794,2670.2172047364006
2026-05-17 00:00:00,non_bm,3745.70582335688,899.3196676550901,2775.9228153486706,3675.2424830037608,11203.470443697815,353.69056459767893,574.5,270.1549045720921,100.0,43.46075973629499,27,110.52581932967628,2163.385839604093
2026-05-17 00:00:00,bm_eligible,3800.954471457262,748.2977843678334,2793.008956957244,3541.3067413250774,11220.006443697815,353.69056459767893,599.5,279.023605222937,100.0,48.888606095766015,29,110.52581932967628,2163.385839604093
2026-05-18 00:00:00,non_bm,3824.709142622544,398.6860885753667,4276.832188585426,4675.518277160792,11634.31132376579,184.00261832248492,583.5,292.21067113152714,100.0,54.55651449015715,24,112.87685793804567,2095.499722900456
2026-05-18 00:00:00,bm_eligible,3910.0989939174606,120.18386476853355,3823.093846493451,3943.2777112619847,11634.31132376579,184.00261832248492,598.5,283.21743450350385,100.0,48.40702276289525,29,112.87685793804567,2095.499722900456
2026-05-19 00:00:00,non_bm,3935.904815426014,1549.511806919577,3496.4219124701835,5045.933719389761,11223.564510668117,1356.7048701012009,600.0,298.6508481576358,100.0,52.22345574486097,21,101.54883294480742,1871.770590053471
2026-05-19 00:00:00,bm_eligible,3971.7108406151383,1556.0083243042086,3109.358776087393,4665.3671003916015,11224.864510668129,1356.7048701012009,600.0,293.9587854056217,100.0,49.181735006873126,29,101.54883294480742,1871.770590053471
2026-05-20 00:00:00,non_bm,3808.778598300564,-458.0885215377191,3350.8977245896426,2892.809203051924,8998.984123486107,-952.7076711430112,600.0,298.78521723403384,100.0,52.30591485774665,21,104.1454994215067,1878.5939210580411
2026-05-20 00:00:00,bm_eligible,3827.724753952913,-596.3239150830117,3055.040998595822,2458.7170835128104,8999.114123486106,-952.7076711430112,596.0,296.17773460061784,100.0,51.292774952752126,28,104.1454994215067,1878.5939210580411
2026-05-21 00:00:00,non_bm,3298.356743506767,3166.918196322467,3818.8098517899434,6985.728048112409,13274.1680155899,3584.75042543186,600.0,297.22842674114645,100.0,52.87440360927577,22,104.84820382437675,1399.787343801824
2026-05-21 00:00:00,bm_eligible,3300.8948460927763,3166.9181963224614,3803.14972874868,6970.067925071142,13281.6680155899,3584.75042543186,600.0,294.6209475428482,100.0,52.50637204239358,22,104.84820382437675,1399.787343801824
2026-05-22 00:00:00,non_bm,3533.951998346417,2491.7062577925926,3410.1594762668697,5901.865734059462,11699.36960257675,2396.583011007361,574.5,281.37075956076905,100.0,50.77150394197072,18,105.97138308337613,1745.7078115563882
2026-05-22 00:00:00,bm_eligible,3537.2782130294245,2491.706257792592,3488.3248975071983,5980.03115529979,11701.069602576665,2396.583011007361,599.5,282.7851250710011,100.0,50.245170054011865,20,105.97138308337613,1745.7078115563882
2026-05-23 00:00:00,non_bm,3629.800817110297,2128.002168052971,3455.4712946617315,5583.473462714703,10081.61756567612,1511.434920902139,595.5,275.89490435960903,100.0,43.61115559747432,21,114.51743156147784,1932.7382559763744
2026-05-23 00:00:00,bm_eligible,3647.099829150394,2066.10216805297,3443.9537965596164,5510.055964612586,10082.517565676117,1511.434920902139,599.5,278.4841252779575,100.0,48.18092149974624,21,114.51743156147784,1932.7382559763744
2026-05-24 00:00:00,non_bm,3785.688724418001,1439.3305437572865,3713.9360282117527,5153.266571969039,12048.49514435016,1986.4426938460103,596.5,275.90054263283616,100.0,41.779597007583504,22,118.02712224301514,2004.6063502518768
2026-05-24 00:00:00,bm_eligible,3804.3149702923824,1487.6495661487538,3855.485508244593,5343.135074393347,12048.49514435016,1986.4426938460103,596.5,282.7168452766035,100.0,47.81095396977841,22,118.02712224301514,2004.6063502518768
2026-05-25 00:00:00,non_bm,3946.95496157717,3158.298550836136,3013.3663312325307,6171.664882068667,10696.936323070722,2878.2937183796485,600.0,272.56043868447205,100.0,40.20857854181367,21,116.66670663036724,2063.8650347160865
2026-05-25 00:00:00,bm_eligible,3986.306639099407,3300.001328613923,2973.7855879179933,6273.786916531916,10696.936323070728,2878.2937183796485,597.5,276.6946601042736,100.0,47.7354287905284,20,116.66670663036724,2063.8650347160865
2026-05-26 00:00:00,non_bm,3995.4177265133326,1158.71747112018,2900.7730155318486,4059.4904866520287,9164.149000613152,1363.903653404618,574.5,264.3147497139839,100.0,51.61592067026002,20,116.24751360461532,2082.713286568117
2026-05-26 00:00:00,bm_eligible,4027.0955584988137,1224.489897602573,2826.578794924311,4051.068692526884,9167.165379308171,1363.903653404618,596.0,265.5669213876613,100.0,49.23556543729533,21,116.24751360461532,2082.713286568117
2026-05-27 00:00:00,non_bm,3814.603090513174,1605.5981501705485,3307.8373952589304,4913.435545429479,11547.090329084747,1908.4359275781223,599.5,300.64048852270827,100.0,52.46952032713993,22,109.97906807800518,1929.953152416374
2026-05-27 00:00:00,bm_eligible,3824.517057241868,1594.0446663648745,3245.326651394653,4839.371317759527,11547.315329084748,1908.4359275781223,600.0,302.2546967937751,100.0,53.715152368871976,21,109.97906807800518,1929.953152416374
2026-05-28 00:00:00,non_bm,3830.7859644455975,7068.624826422496,3252.1642072745394,10320.789033697036,18262.35717011226,8151.347692009025,600.0,276.5068543241932,100.0,41.80761657379429,21,107.59369900026908,2049.5132380259784
2026-05-28 00:00:00,bm_eligible,3834.184760073743,7068.624826422495,3196.3713492045504,10264.996175627046,18269.09717011225,8151.347692009025,600.0,270.62282112295384,100.0,44.96488681540328,21,107.59369900026908,2049.5132380259784
2026-05-29 00:00:00,non_bm,4161.16570477165,2917.087632649596,2778.564931629432,5695.652564279028,10280.544924341084,3098.82819198444,600.0,254.7274532130023,100.0,35.17795955549484,22,109.35994977482136,2526.535728405181
2026-05-29 00:00:00,bm_eligible,4165.8965582433575,2917.233268344967,2735.231076701153,5652.464345046121,10279.997089699562,3098.82819198444,600.0,258.52130864978807,100.0,43.0292320547716,31,109.35994977482136,2526.535728405181
2026-05-30 00:00:00,non_bm,3904.67084706322,652.3977555496966,2799.0881759966533,3451.48593154635,8839.88995748971,600.8310713245608,599.5,230.5078851105481,100.0,32.927396008886234,23,115.36792103540364,2333.26334546207
2026-05-30 00:00:00,bm_eligible,3912.95666083507,643.9696102382908,2898.974274821227,3542.943885059518,8839.88995748971,600.8310713245608,599.5,217.38375760768943,100.0,38.77217027864637,23,115.36792103540364,2333.26334546207
2026-05-31 00:00:00,non_bm,3749.472112570281,1367.0615867542028,3566.3463914587387,4933.407978212941,9995.86668710905,1477.877665613018,600.0,239.6625461606578,100.0,26.39175173544003,22,112.4844463354059,2088.8240901482664
2026-05-31 00:00:00,bm_eligible,3776.064697824,1372.7723588209003,3531.489047047997,4904.261405868898,9997.96668710906,1477.877665613018,600.0,234.75891019698835,100.0,37.28952895397085,22,112.4844463354059,2088.8240901482664
2026-06-01 00:00:00,non_bm,4183.688450686883,1987.078057660204,3469.853546153625,5456.9316038138295,10054.333839841463,2111.716069890404,541.5,248.0881159585544,100.0,43.22152398374317,16,109.35410568452066,2018.9290000438025
2026-06-01 00:00:00,bm_eligible,4192.3189817718885,2044.304852797384,3414.4573544601853,5458.76220725757,10054.50407133216,2111.716069890404,590.5,248.1561033762796,100.0,42.03331024357412,21,109.35410568452066,2018.9290000438025
2026-06-02 00:00:00,non_bm,4239.087179600183,199.18160329531577,3236.697031222268,3435.878634517584,7953.235557319825,1238.7946464256654,585.5,279.72219681521534,100.0,48.669898997688,21,111.83375590136002,1967.119466614478
2026-06-02 00:00:00,bm_eligible,4242.792766884447,303.63681625102384,3238.7702537579044,3542.4070700089283,8047.05531650545,1238.7946464256654,590.5,284.83127320562045,100.0,48.80447723406887,20,111.83375590136002,1967.119466614478
2026-06-03 00:00:00,non_bm,3914.72607816562,3819.3791821491673,2503.078089727072,6322.457271876239,13084.703723254754,5309.592898685641,600.0,287.28558060141046,100.0,47.52898356188947,22,103.27265236394352,1782.7268770385865
2026-06-03 00:00:00,bm_eligible,3921.9027415030746,3816.860848815832,2501.835227010417,6318.6960758262485,13085.303723254754,5309.592898685641,600.0,289.4413596186656,100.0,49.31045597332135,21,103.27265236394352,1782.7268770385865
2026-06-04 00:00:00,non_bm,4077.986398330516,6447.696514717754,2306.4199735823254,8754.11648830008,17889.905119758187,7112.299571805094,600.0,273.4840919384078,100.0,46.31997984836583,24,99.6915023665118,2157.099632328345
2026-06-04 00:00:00,bm_eligible,4085.1894525003545,6630.249848051088,2213.927787824291,8844.177635875378,17907.53511975826,7112.299571805094,600.0,274.13856970461774,100.0,45.79229708091528,31,99.6915023665118,2157.099632328345
2026-06-05 00:00:00,non_bm,4464.574873736167,-697.6275124998913,2715.9759666405907,2018.3484541406997,9945.310686267678,1181.933067034383,600.0,248.38011407220657,100.0,36.08369463408818,22,108.2340196374006,2895.6128890897994
2026-06-05 00:00:00,bm_eligible,4468.956781239374,-628.4929402220816,2675.882898020321,2047.3899577982395,10011.61433492662,1181.933067034383,600.0,242.8590409745008,100.0,45.66836762910999,30,108.2340196374006,2895.6128890897994
2026-06-06 00:00:00,non_bm,3862.216099975898,4362.879495778861,3090.434895854605,7453.314391633467,17434.911326244237,3253.3334459623384,600.0,257.6213979765543,100.0,31.925479425117956,22,104.35957656588702,2212.6363928828005
2026-06-06 00:00:00,bm_eligible,3873.038835067895,4034.5372445470775,2891.2649620772468,6925.802206624325,17435.19132624423,3253.3334459623384,599.5,236.19907187868205,100.0,44.50616475185336,30,104.35957656588702,2212.6363928828005
2026-06-07 00:00:00,non_bm,4330.08299421643,10006.146800058705,2287.2716505191984,12293.4184505779,19220.11804100569,7422.623962734161,568.0,248.196296750812,100.0,34.99316121237105,19,101.136475015492,2424.407012100245
2026-06-07 00:00:00,bm_eligible,4331.652794975836,9608.5368000587,2307.7058983000984,11916.2426983588,19250.76744090604,7422.623962734161,600.0,249.07535531051823,100.0,44.21554083524077,30,101.136475015492,2424.407012100245
2026-06-08 00:00:00,non_bm,4934.217129542127,724.6661517046664,1398.8331331653608,2123.499284870027,7075.952186114148,798.8259828737802,587.5,258.95793036610775,100.0,48.10928809639485,14,107.38782851614114,3037.5591927899786
2026-06-08 00:00:00,bm_eligible,4934.588730400199,725.0584092274241,1404.5342542745686,2129.592663501993,7332.327186114148,798.8259828737802,600.0,257.52043882880184,95.65217391304348,46.930900555364886,23,107.38782851614114,3037.5591927899786
2026-06-09 00:00:00,non_bm,4252.861454710768,3976.762972954168,1966.1673494546503,5942.930322408818,9932.450999538958,4267.42932964233,599.0,253.44983327901036,100.0,47.49713472733623,23,104.28057245296152,2418.58503335936
2026-06-09 00:00:00,bm_eligible,4264.098627778778,3992.102994192924,1969.281622667632,5961.384616860556,10043.3898861467,4267.42932964233,600.0,255.9365432997949,100.0,47.20575896866448,22,104.28057245296152,2418.58503335936
2026-06-10 00:00:00,non_bm,4545.1847485850485,2162.874525828068,3594.99538940802,5757.869915236088,11055.285562109044,3151.0557333395154,599.5,279.1562197936856,100.0,47.433781529419086,22,111.21989195139258,2758.7603709217765
2026-06-10 00:00:00,bm_eligible,4552.858978547321,2335.0167480502937,3498.698086355798,5833.714834406092,11058.383063664443,3151.0557333395154,599.5,282.9716812057034,100.0,48.776307298072666,22,111.21989195139258,2758.7603709217765
2026-06-11 00:00:00,non_bm,4493.712138184921,37.86308556297013,3884.319895352344,3922.182980915314,9700.470410125414,518.5948224160454,565.0,272.50825443286027,100.0,49.22659559103561,17,106.79689781208022,2527.236313337625
2026-06-11 00:00:00,bm_eligible,4493.71213818489,37.86308556293432,3884.319895352344,3922.182980915279,9707.778743458744,518.5948224160454,565.0,272.50825443286027,100.0,49.22659559103561,17,106.79689781208022,2527.236313337625
2026-06-12 00:00:00,non_bm,4206.263638039675,5251.483494700361,4406.529105863812,9658.012600564172,20538.52436646421,5704.823990670493,572.0,263.66818453069845,100.0,40.3291757879297,19,98.96580898020056,2189.9670735669056
2026-06-12 00:00:00,bm_eligible,4206.531638267345,5251.483494700358,4406.529105863812,9658.01260056417,20538.52436646421,5704.823990670493,584.5,263.66818453069845,100.0,48.2746125202252,20,98.96580898020056,2189.9670735669056
2026-06-13 00:00:00,non_bm,4991.286454573266,8219.16933342676,1319.5862427358031,9538.755576162564,16927.734048045266,6357.951026749188,600.0,259.53672923695893,100.0,34.87189447051558,22,99.27305220778952,2876.988042720845
2026-06-13 00:00:00,bm_eligible,4992.21764038079,8219.16933342676,1319.5862427358031,9538.755576162564,16981.317673270554,6357.951026749188,600.0,259.53672923695893,100.0,47.14988749007958,22,99.27305220778952,2876.988042720845
2026-06-14 00:00:00,non_bm,5401.909627985678,8.35358292729586,2029.1324659025404,2037.4860488298364,15530.431194767983,-283.5176003593965,561.0,238.51535392762267,100.0,50.579652436957765,11,115.00991697816056,3784.025807867549
2026-06-14 00:00:00,bm_eligible,5428.195546247358,-262.1419681312394,2184.3924549854423,1922.2504868542028,16457.910133571,-283.5176003593965,600.0,191.3259934443952,100.0,40.15731880941178,29,115.00991697816056,3784.025807867549
2026-06-15 00:00:00,non_bm,4761.135003564101,-315.72018125490865,3640.7818650185945,3325.061683763686,10579.67197907204,-102.05003494790792,514.5,246.98439517159164,93.33333333333331,53.79410234060654,15,114.02300435336645,2825.4385275800096
2026-06-15 00:00:00,bm_eligible,4795.062404404723,-49.10535014162144,3309.728059727886,3260.6227095862646,10623.855212325983,-102.05003494790792,600.0,238.7533732875272,100.0,42.837111699549,29,114.02300435336645,2825.4385275800096
2026-06-16 00:00:00,non_bm,4760.6430411849615,2251.204554435773,3706.507060215956,5957.711614651729,10548.387758619569,3234.1688012850886,560.0,273.9523873325781,100.0,50.65522222374673,18,115.57487259887586,2520.5293878243306
2026-06-16 00:00:00,bm_eligible,4767.910533475453,2250.533675970939,3699.6496515770887,5950.183327548028,10549.10775861957,3234.1688012850886,600.0,257.1421265952327,100.0,46.04117376103088,21,115.57487259887586,2520.5293878243306
2026-06-17 00:00:00,non_bm,4808.2310187957655,2078.9999809966694,3504.2387786733907,5583.23875967006,10419.348984572678,2204.1086401684224,565.0,275.4911105179421,100.0,50.522491022366346,20,107.82965165042005,2550.2769998635395
2026-06-17 00:00:00,bm_eligible,4811.06643932625,2078.9999809966694,3491.1866543370047,5570.186635333674,10436.348984572678,2204.1086401684224,599.5,255.1687158161928,100.0,46.69735936956485,23,107.82965165042005,2550.2769998635395
2026-06-18 00:00:00,non_bm,4782.883693578448,1096.722452022476,4306.877089999806,5403.599542022283,11761.153431905996,1224.2933973537938,567.0,290.5798487785825,100.0,54.900336479771774,12,110.91975614085392,2630.1907086208566
2026-06-18 00:00:00,bm_eligible,4784.369167784561,1096.722452022479,4306.877089999806,5403.599542022285,11772.866989825692,1224.2933973537938,599.5,290.5798487785825,100.0,50.82567079120071,15,110.91975614085392,2630.1907086208566
2026-06-19 00:00:00,non_bm,4814.342415610454,2311.4912789107766,4213.604208941961,6525.095487852737,13489.11663151723,2623.515218927345,571.5,284.4731638410957,100.0,53.62106724919295,12,104.43246946589711,2570.925796960926
2026-06-19 00:00:00,bm_eligible,4816.6228982917055,2311.491278910774,4213.604208941961,6525.095487852735,13492.596631517226,2623.515218927345,600.0,284.4731638410957,100.0,49.52815529859888,15,104.43246946589711,2570.925796960926
2026-06-20 00:00:00,non_bm,4922.788822937934,791.7904439517936,3209.489329331547,4001.279773283341,9285.319878445016,1219.07740853511,566.0,296.81306998842655,100.0,55.58785815363009,12,113.27426129102128,2794.0633593257
2026-06-20 00:00:00,bm_eligible,4926.320357501778,791.7904439517935,3209.489329331547,4001.279773283341,9287.694878445014,1219.07740853511,600.0,296.81306998842655,100.0,51.37568813028736,15,113.27426129102128,2794.0633593257
2026-06-21 00:00:00,non_bm,4497.86175137243,1647.7416804756624,3202.2309122986494,4849.972592774312,9289.737180496024,1484.6542072658883,540.5,260.04669071354914,93.75,50.93650541904757,16,116.51042606669114,2402.086302638212
2026-06-21 00:00:00,bm_eligible,4506.150900598131,1647.7416804756624,3202.230912298649,4849.972592774311,9297.98718049603,1484.6542072658883,599.5,257.12301486219883,100.0,47.51904522042281,22,116.51042606669114,2402.086302638212
2026-06-22 00:00:00,non_bm,4635.108272484424,4338.7732351448585,4415.014192924254,8753.787428069112,15617.199520853485,4871.264675167042,587.5,289.38127959282883,100.0,52.12959674677686,13,114.9154354437358,2380.644013594485
2026-06-22 00:00:00,bm_eligible,4636.663762583029,4338.7732351448585,4388.909944251483,8727.683179396341,15719.202649544311,4871.264675167042,600.0,284.16042985827454,100.0,50.355141136106994,14,114.9154354437358,2380.644013594485
2026-06-23 00:00:00,non_bm,5239.012153886885,21514.46698482709,5269.708402637792,26784.17538746488,41845.78369435775,28196.93309020429,600.0,296.5821052795286,100.0,51.618153108343634,14,116.57759008581888,2653.126932871369
2026-06-23 00:00:00,bm_eligible,5239.0121538868825,21514.46698482708,5269.708402637792,26784.17538746487,41999.20638488712,28196.93309020429,600.0,296.5821052795286,100.0,51.618153108343634,14,116.57759008581888,2653.126932871369
2026-06-25,non_bm,7921.552605423655,942.6433333818646,4559.056395249676,5501.699728631541,12232.359982510538,1001.6890915974705,599.5,299.4463395902459,100.0,48.65966661583304,14,109.4641495547801,4668.914238081741
2026-06-25,bm_eligible,8871.04890987999,1160.7907525884862,4499.641261013514,5660.432013602,13099.49521888321,1001.6890915974705,600.0,301.46881573494335,100.0,51.71572761537727,29,109.4641495547801,4668.914238081741
2026-06-26,non_bm,7508.198081019244,1928.2289040843032,6801.998067267392,8730.226971351694,15890.748131768349,4612.727426137788,600.0,300.8424022028692,96.55172413793103,53.30134962059606,29,113.87395636424236,3916.5020033761552
2026-06-26,bm_eligible,7509.203592316334,1928.228904084305,6762.019516497077,8690.248420581382,16495.076215036544,4612.727426137788,600.0,283.21621750970905,96.55172413793103,52.73149635436043,29,113.87395636424236,3916.5020033761552
2026-06-27,non_bm,8192.383184853761,5337.827084215416,3126.663032214628,8464.490116430045,17567.604344696807,5730.777659863996,599.5,268.2264443643243,79.3103448275862,50.084468497503046,29,104.17757265663602,3822.094150898476
2026-06-27,bm_eligible,8195.48669809765,5337.827084215413,3126.5685851169324,8464.395669332345,17567.604344696807,5730.777659863996,599.5,248.54354875807468,79.3103448275862,51.662613044376094,29,104.17757265663602,3822.094150898476
2026-06-28,non_bm,7170.450100328189,12333.94277505459,2895.707629493093,15229.650404547683,26212.303281552628,12528.379772109198,600.0,291.68931032298184,87.87878787878788,50.6967275161318,33,101.24586431845815,4065.85815264805
2026-06-28,bm_eligible,7173.000165450316,12333.94277505458,2872.8194242568075,15206.762199311388,26366.104034231103,12528.379772109198,600.0,262.49259258616877,87.87878787878788,49.25156974663562,33,101.24586431845815,4065.85815264805
2026-06-29,non_bm,8138.3836529087675,3701.0952290875653,3069.0146019356625,6770.109831023228,12481.30707277067,4069.56893766046,595.0,262.34605892031266,100.0,46.7124293479112,21,112.5819708274707,5368.125486079561
2026-06-29,bm_eligible,8169.251266616788,3701.0952290875653,3016.2597171559796,6717.354946243545,12838.69464454477,4069.56893766046,595.0,264.6646658189739,100.0,47.59570816644881,21,112.5819708274707,5368.125486079561
2026-06-30,non_bm,7900.548900069344,3092.507518907932,3736.5545477693927,6829.062066677325,14038.912604334875,3254.375881153035,594.0,264.1362224658588,100.0,48.821868803733004,22,117.7535459916728,4919.057979384168
2026-06-30,bm_eligible,7921.665483029513,3092.507518907932,3682.041782529643,6774.549301437575,14246.134019581,3254.375881153035,594.0,262.82339416454147,100.0,46.88864103929897,22,117.7535459916728,4919.057979384168
