settlement_date,perfect_qr_availability_gbp,forecast_selected_qr_availability_gbp,naive_selected_qr_availability_gbp,forecast_capture_pct,naive_capture_pct,forecast_regret_gbp,naive_regret_gbp,forecast_mean_abs_commitment_error_mw,naive_mean_abs_commitment_error_mw,forecast_mean_pqr_mw,forecast_mean_nqr_mw,naive_mean_pqr_mw,naive_mean_nqr_mw,perfect_mean_pqr_mw,perfect_mean_nqr_mw
2026-04-01,6378.75,5998.25,6143.625,94.03488144228885,96.31393298059965,380.5,235.125,8.333333333333334,6.25,11.979166666666666,13.020833333333334,13.020833333333334,11.979166666666666,15.104166666666666,9.895833333333334
2026-04-02,4511.875,4286.875,4343.75,95.01315971741238,96.27372212217759,225.0,168.125,7.291666666666667,5.208333333333333,11.979166666666666,13.020833333333334,15.104166666666666,9.895833333333334,14.583333333333334,10.416666666666666
2026-04-03,4983.25,4575.625,4218.875,91.82009732604224,84.66111473436011,407.625,764.375,9.375,12.5,13.020833333333334,11.979166666666666,14.583333333333334,10.416666666666666,11.458333333333334,13.541666666666666
2026-04-04,5263.625,4328.875,4211.25,82.2413260823102,80.00664940986488,934.75,1052.375,12.5,14.583333333333334,12.5,12.5,11.458333333333334,13.541666666666666,10.416666666666666,14.583333333333334
2026-04-05,5173.375,3900.375,3946.625,75.39323942300723,76.28723995457511,1273.0,1226.75,13.541666666666666,11.458333333333334,12.5,12.5,10.416666666666666,14.583333333333334,8.854166666666666,16.145833333333332
2026-04-06,4907.0,4809.5,3917.5,98.0130425922152,79.83492969227633,97.5,989.5,5.208333333333333,14.583333333333334,11.458333333333334,13.541666666666666,8.854166666666666,16.145833333333332,11.979166666666666,13.020833333333334
2026-04-07,6057.0,6008.375,5429.125,99.19720983985471,89.63389466732706,48.625,627.875,1.0416666666666667,5.208333333333333,11.979166666666666,13.020833333333334,11.979166666666666,13.020833333333334,12.5,12.5
2026-04-08,5597.625,5558.0,5514.5,99.29211049328957,98.51499519885665,39.625,83.125,3.125,4.166666666666667,11.979166666666666,13.020833333333334,12.5,12.5,13.541666666666666,11.458333333333334
2026-04-09,3783.375,3592.125,3662.875,94.94498959262563,96.81501305051707,191.25,120.5,8.333333333333334,6.25,11.458333333333334,13.541666666666666,13.541666666666666,11.458333333333334,14.583333333333334,10.416666666666666
2026-04-10,4749.75,4159.875,4266.375,87.58092531185852,89.82314858676773,589.875,483.375,10.416666666666666,9.375,11.979166666666666,13.020833333333334,14.583333333333334,10.416666666666666,13.020833333333334,11.979166666666666
2026-04-11,4234.0,4026.625,3364.25,95.10214926783183,79.45795937647614,207.375,869.75,6.25,13.541666666666666,12.5,12.5,13.020833333333334,11.979166666666666,12.5,12.5
2026-04-12,3379.625,2832.125,2814.0,83.79997780818879,83.26367570366534,547.5,565.625,12.5,14.583333333333334,11.458333333333334,13.541666666666666,12.5,12.5,8.333333333333334,16.666666666666668
2026-04-13,5075.0,4956.625,4285.375,97.66748768472907,84.44088669950739,118.375,789.625,2.6041666666666665,11.979166666666666,10.9375,14.0625,8.333333333333334,16.666666666666668,10.9375,13.541666666666666
2026-04-14,4386.625,4215.5,4155.125,96.09893710996495,94.72259424956545,171.125,231.5,9.375,10.9375,11.458333333333334,13.541666666666666,10.9375,13.541666666666666,16.145833333333332,8.854166666666666
2026-04-15,4751.125,4573.375,3785.25,96.25878081507011,79.67060433055329,177.75,965.875,3.125,10.416666666666666,12.5,12.5,16.145833333333332,8.854166666666666,11.979166666666666,13.020833333333334
2026-04-16,5900.125,5533.25,5520.75,93.7819114001822,93.57005148196012,366.875,379.375,3.125,4.166666666666667,11.458333333333334,13.541666666666666,11.979166666666666,13.020833333333334,9.895833333333334,15.104166666666666
2026-04-17,4826.125,4742.375,4681.375,98.26465331917429,97.00069931881167,83.75,144.75,3.125,5.208333333333333,10.9375,14.0625,9.895833333333334,15.104166666666666,12.5,12.5
2026-04-18,3901.625,3703.75,3865.625,94.92839521994041,99.07730753211803,197.875,36.0,8.333333333333334,5.208333333333333,10.9375,14.0625,12.5,12.5,13.020833333333334,11.979166666666666
2026-04-19,3165.5,2568.25,2811.75,81.13252250829252,88.82483020060022,597.25,353.75,20.833333333333332,15.625,11.458333333333334,13.541666666666666,13.020833333333334,11.979166666666666,16.666666666666668,8.333333333333334
2026-04-20,3720.375,3622.5,2277.125,97.36921681282129,61.20686758727279,97.875,1443.25,6.770833333333333,26.5625,11.458333333333334,13.541666666666666,16.666666666666668,8.333333333333334,13.541666666666666,10.9375
2026-04-21,5404.875,5084.375,4974.625,94.07016813524827,92.03959388514998,320.5,430.25,6.770833333333333,7.291666666666667,10.9375,14.0625,13.541666666666666,10.9375,13.020833333333334,11.458333333333334
2026-04-22,5737.375,5737.375,5619.125,100.0,97.93895291836424,0.0,118.25,0.0,3.6458333333333335,12.5,12.5,13.020833333333334,11.458333333333334,12.5,12.5
2026-04-23,4926.625,4802.375,4802.375,97.47798949585162,97.47798949585162,124.25,124.25,4.6875,4.6875,12.5,12.5,12.5,12.5,11.979166666666666,12.5
2026-04-24,4408.625,4237.25,4315.625,96.11273356205166,97.89049873826873,171.375,93.0,5.729166666666667,4.166666666666667,13.020833333333334,11.979166666666666,11.979166666666666,12.5,11.979166666666666,11.458333333333334
2026-04-25,3732.375,3441.0,3472.625,92.19330855018588,93.04062426739007,291.375,259.75,14.583333333333334,10.9375,13.020833333333334,11.979166666666666,11.979166666666666,11.458333333333334,16.145833333333332,8.854166666666666
2026-04-26,3277.75,3145.5,3099.875,95.96522004423767,94.57325909541606,132.25,177.875,8.854166666666666,6.770833333333333,13.020833333333334,11.979166666666666,16.145833333333332,8.854166666666666,16.666666666666668,7.8125
2026-04-27,3910.125,3803.0,3608.25,97.26031776477734,92.27965857868993,107.125,301.875,5.208333333333333,14.0625,13.020833333333334,11.979166666666666,16.666666666666668,7.8125,12.5,12.5
2026-04-28,3123.0,3016.625,2996.625,96.59382004482869,95.9534101825168,106.375,126.375,5.208333333333333,6.25,13.020833333333334,11.979166666666666,12.5,12.5,13.541666666666666,11.458333333333334
2026-04-29,4921.25,4583.625,4646.0,93.13944627889256,94.40690881381762,337.625,275.25,9.375,9.375,13.541666666666666,11.458333333333334,13.541666666666666,11.458333333333334,16.145833333333332,8.854166666666666
2026-04-30,4707.375,4342.5,4133.375,92.24886481319207,87.80636766775538,364.875,574.0,9.375,13.541666666666666,13.020833333333334,11.979166666666666,16.145833333333332,8.854166666666666,14.583333333333334,10.416666666666666
2026-05-01,3817.875,3607.625,3318.25,94.49300985495859,86.91353174213404,210.25,499.625,5.208333333333333,12.5,13.020833333333334,11.979166666666666,14.583333333333334,10.416666666666666,13.541666666666666,11.458333333333334
2026-05-02,3242.0,3123.875,3071.875,96.35641579272054,94.75246761258482,118.125,170.125,9.375,10.416666666666666,11.979166666666666,13.020833333333334,13.541666666666666,11.458333333333334,15.625,9.375
2026-05-03,2390.875,1901.0,1829.5,79.51063941025775,76.520102472944,489.875,561.375,22.916666666666668,21.875,13.020833333333334,11.979166666666666,15.625,9.375,15.104166666666666,9.895833333333334
2026-05-04,2884.5,2747.0,2022.5,95.2331426590397,70.11613797885249,137.5,862.0,6.770833333333333,23.4375,13.541666666666666,11.458333333333334,15.104166666666666,9.895833333333334,15.625,8.854166666666666
2026-05-05,2863.375,2647.125,2472.25,92.44772340332649,86.3404199589645,216.25,391.125,7.291666666666667,10.9375,14.0625,10.9375,15.625,8.854166666666666,13.541666666666666,11.458333333333334
2026-05-06,3171.125,2992.875,2968.0,94.3789664551224,93.59454452284284,178.25,203.125,13.541666666666666,14.583333333333334,13.020833333333334,11.979166666666666,13.541666666666666,11.458333333333334,15.625,9.375
2026-05-07,3936.625,3432.0,3417.375,87.18127837932239,86.80976724986505,504.625,519.25,7.291666666666667,13.541666666666666,13.541666666666666,11.458333333333334,15.625,9.375,10.9375,14.0625
2026-05-08,2801.75,2753.875,2562.375,98.29124654233961,91.45623271169805,47.875,239.375,2.0833333333333335,4.166666666666667,11.979166666666666,13.020833333333334,10.9375,14.0625,11.979166666666666,13.020833333333334
2026-05-09,3118.75,2937.125,2930.0,94.17635270541082,93.94789579158316,181.625,188.75,12.5,13.541666666666666,12.5,12.5,11.979166666666666,13.020833333333334,18.75,6.25
2026-05-10,3023.625,2777.875,2738.0,91.87233866633593,90.55355740212494,245.75,285.625,10.416666666666666,12.5,13.541666666666666,11.458333333333334,18.75,6.25,17.708333333333332,7.291666666666667
2026-05-11,2598.375,2351.25,2127.375,90.48924808774714,81.87328618848319,247.125,471.0,11.458333333333334,14.583333333333334,13.020833333333334,11.979166666666666,17.708333333333332,7.291666666666667,15.625,9.375
2026-05-12,3524.5,3444.0,3144.625,97.7159880834161,89.22187544332529,80.5,379.875,6.770833333333333,13.020833333333334,13.541666666666666,11.458333333333334,15.625,9.375,15.104166666666666,9.375
2026-05-13,2184.75,2153.5,2073.125,98.56963039249342,94.8907197619865,31.25,111.625,8.854166666666666,12.5,13.020833333333334,11.979166666666666,15.104166666666666,9.375,10.9375,11.458333333333334
2026-05-14,3038.5,2963.625,2467.75,97.53579068619385,81.21606055619549,74.875,570.75,8.854166666666666,11.458333333333334,13.020833333333334,11.979166666666666,10.9375,11.458333333333334,16.666666666666668,6.770833333333333
2026-05-15,2658.75,2395.125,2172.0,90.08462623413259,81.69252468265162,263.625,486.75,10.9375,14.583333333333334,14.0625,10.9375,16.666666666666668,6.770833333333333,14.583333333333334,9.895833333333334
2026-05-16,1568.0,1435.75,1316.75,91.56568877551021,83.97640306122449,132.25,251.25,10.9375,15.625,15.104166666666666,9.895833333333334,14.583333333333334,9.895833333333334,15.625,8.854166666666666
2026-05-17,1941.5,1866.0,1814.375,96.11125418490857,93.45222765902652,75.5,127.125,12.5,13.020833333333334,15.625,9.375,15.625,8.854166666666666,16.145833333333332,6.770833333333333
2026-05-18,2318.375,2213.125,1965.125,95.46018223971532,84.76303445301127,105.25,353.25,10.9375,18.229166666666668,16.145833333333332,8.854166666666666,16.145833333333332,6.770833333333333,13.020833333333334,9.375
2026-05-19,4235.125,3964.125,2966.5,93.60113337858976,70.04515805318616,271.0,1268.625,7.8125,16.666666666666668,15.104166666666666,9.895833333333334,13.020833333333334,9.375,16.145833333333332,8.333333333333334
2026-05-20,4039.75,3778.875,3775.625,93.54229840955504,93.46184788662664,260.875,264.125,9.895833333333334,10.416666666666666,16.145833333333332,8.854166666666666,16.145833333333332,8.333333333333334,12.5,10.9375
2026-05-21,2390.875,2357.5,2242.25,98.60406754849166,93.78365661107335,33.375,148.625,8.854166666666666,11.458333333333334,14.583333333333334,10.416666666666666,12.5,10.9375,14.0625,9.375
2026-05-22,3075.25,2805.125,2699.125,91.21616128770019,87.76928704983335,270.125,376.125,13.020833333333334,10.416666666666666,15.625,9.375,14.0625,9.375,16.666666666666668,7.8125
2026-05-23,3671.5,3596.0,2953.625,97.94361977393436,80.44736483725998,75.5,717.875,10.416666666666666,15.104166666666666,14.583333333333334,10.416666666666666,16.666666666666668,7.8125,15.104166666666666,7.8125
2026-05-24,2176.75,2146.375,2055.75,98.60457103479959,94.44125416331687,30.375,121.0,7.291666666666667,8.333333333333334,15.104166666666666,9.895833333333334,15.104166666666666,7.8125,14.0625,9.895833333333334
2026-05-25,2224.75,2096.75,2029.375,94.24654455556804,91.21811439487583,128.0,195.375,16.145833333333332,16.145833333333332,14.583333333333334,10.416666666666666,14.0625,9.895833333333334,20.833333333333332,3.6458333333333335
2026-05-26,2402.5,2330.875,1952.375,97.01873048907387,81.26430801248699,71.625,450.125,8.854166666666666,15.625,15.625,9.375,20.833333333333332,3.6458333333333335,14.0625,10.416666666666666
2026-05-27,1897.0,1864.0,1745.375,98.26041117554033,92.00711649973643,33.0,151.625,5.208333333333333,10.9375,15.104166666666666,9.895833333333334,14.0625,10.416666666666666,16.666666666666668,8.333333333333334
2026-05-28,2946.75,2822.125,2752.625,95.77076440145923,93.41223381691694,124.625,194.125,12.5,15.625,16.145833333333332,8.854166666666666,16.666666666666668,8.333333333333334,15.104166666666666,9.895833333333334
2026-05-29,3356.0,3212.125,3121.125,95.71290226460071,93.00134088200238,143.875,234.875,8.854166666666666,14.0625,15.104166666666666,9.895833333333334,15.104166666666666,9.895833333333334,13.020833333333334,11.458333333333334
2026-05-30,2067.0,1965.375,1848.5,95.08345428156748,89.42912433478472,101.625,218.5,10.9375,16.145833333333332,14.0625,9.375,13.020833333333334,11.458333333333334,20.3125,4.6875
2026-05-31,1717.25,1595.375,1672.5,92.90289707380987,97.39408938710147,121.875,44.75,11.979166666666666,4.166666666666667,15.104166666666666,9.375,20.3125,4.6875,19.270833333333332,5.729166666666667
2026-06-01,2434.0,2340.375,2298.25,96.15345110928513,94.4227608874281,93.625,135.75,12.5,10.416666666666666,16.145833333333332,8.854166666666666,19.270833333333332,5.729166666666667,16.145833333333332,8.854166666666666
2026-06-02,3116.125,3026.875,2978.0,97.13586585903967,95.56741144851378,89.25,138.125,8.854166666666666,9.895833333333334,16.145833333333332,8.854166666666666,16.145833333333332,8.854166666666666,12.5,11.979166666666666
2026-06-03,3317.875,3246.25,3031.125,97.84123874467845,91.35742003541424,71.625,286.75,9.375,9.895833333333334,15.104166666666666,9.895833333333334,12.5,11.979166666666666,15.104166666666666,8.854166666666666
2026-06-04,3879.625,3703.0,3550.125,95.44736926893708,91.50691110609917,176.625,329.5,6.770833333333333,14.0625,14.583333333333334,10.416666666666666,15.104166666666666,8.854166666666666,11.458333333333334,13.020833333333334
2026-06-05,2729.875,2402.25,2421.5,87.99853473144374,88.7036952241403,327.625,308.375,11.458333333333334,14.0625,14.583333333333334,10.416666666666666,11.458333333333334,13.020833333333334,10.9375,14.0625
2026-06-06,4646.625,3931.0,3758.5,84.59903693541011,80.88666505259194,715.625,888.125,11.979166666666666,15.625,13.020833333333334,10.416666666666666,10.9375,14.0625,18.75,6.25
2026-06-07,3477.625,3158.375,3153.75,90.8198842600913,90.686891197297,319.25,323.875,8.854166666666666,5.729166666666667,16.145833333333332,8.854166666666666,18.75,6.25,15.625,8.854166666666666
2026-06-08,2730.75,2577.75,2309.25,94.39714364185663,84.56468003295798,153.0,421.5,13.020833333333334,17.708333333333332,17.1875,7.8125,15.625,8.854166666666666,15.104166666666666,8.333333333333334
2026-06-09,3851.75,3709.0,3504.125,96.29389238657753,90.9748815473486,142.75,347.625,8.333333333333334,11.979166666666666,15.625,9.375,15.104166666666666,8.333333333333334,16.666666666666668,8.333333333333334
2026-06-10,2408.5,2231.75,2241.0,92.66140751505087,93.04546398173137,176.75,167.5,8.333333333333334,7.291666666666667,16.145833333333332,8.854166666666666,16.666666666666668,8.333333333333334,17.1875,7.8125
2026-06-11,2318.125,2018.125,2170.25,87.05850633593961,93.62092208142356,300.0,147.875,13.020833333333334,11.979166666666666,16.666666666666668,8.333333333333334,17.1875,7.8125,21.354166666666668,3.125
2026-06-12,3346.875,3245.5,3101.75,96.97105508870214,92.67600373482726,101.375,245.125,8.854166666666666,4.166666666666667,18.229166666666668,6.770833333333333,21.354166666666668,3.125,21.875,2.6041666666666665
2026-06-13,4344.25,3944.75,3495.125,90.80393623755539,80.45404845485412,399.5,849.125,8.333333333333334,7.8125,18.75,6.25,21.875,2.6041666666666665,20.833333333333332,4.166666666666667
2026-06-14,3493.75,1802.125,1283.75,51.58139534883721,36.74418604651163,1691.625,2210.0,28.645833333333332,34.895833333333336,19.791666666666668,5.208333333333333,20.833333333333332,4.166666666666667,9.375,15.104166666666666
2026-06-15,3583.5,3359.625,2515.125,93.75261615738803,70.18627040602763,223.875,1068.375,11.458333333333334,21.354166666666668,17.1875,7.8125,9.375,15.104166666666666,13.020833333333334,10.9375
2026-06-16,2573.0,2461.75,2433.625,95.67625340069958,94.58317139525845,111.25,139.375,9.895833333333334,9.895833333333334,17.1875,7.8125,13.020833333333334,10.9375,15.104166666666666,9.375
2026-06-17,3946.75,3765.25,3374.25,95.40127953379363,85.49439412174574,181.5,572.5,9.375,9.895833333333334,17.1875,7.8125,15.104166666666666,9.375,12.5,12.5
2026-06-18,4027.625,3917.125,3707.375,97.25644765835945,92.04866391483814,110.5,320.25,7.291666666666667,9.375,17.708333333333332,7.291666666666667,12.5,12.5,14.0625,10.9375
2026-06-19,4537.0,4194.25,4440.25,92.44544853427375,97.86753361251928,342.75,96.75,8.333333333333334,10.416666666666666,17.1875,7.8125,14.0625,10.9375,16.145833333333332,8.854166666666666
2026-06-20,2747.375,2583.375,2651.125,94.03066563537922,96.4966558988125,164.0,96.25,8.333333333333334,10.416666666666666,16.145833333333332,8.854166666666666,16.145833333333332,8.854166666666666,13.020833333333334,11.979166666666666
2026-06-21,2109.25,1964.625,1906.5,93.14329738058552,90.38757852317174,144.625,202.75,14.583333333333334,13.541666666666666,15.625,9.375,13.020833333333334,11.979166666666666,17.708333333333332,7.291666666666667
2026-06-22,4855.375,4478.75,3707.125,92.24313261076642,76.35095126535026,376.625,1148.25,7.8125,13.020833333333334,17.1875,7.8125,17.708333333333332,7.291666666666667,13.020833333333334,11.458333333333334
2026-06-23,3969.75,3679.625,3677.375,92.69160526481517,92.63492663265949,290.125,292.375,11.458333333333334,11.979166666666666,15.625,9.375,13.020833333333334,11.458333333333334,19.270833333333332,5.729166666666667
2026-06-25,5037.0,4727.985000000001,4231.125,93.86509827278142,84.00089338892198,309.0149999999994,805.875,12.5,12.5,15.625,9.375,14.583333333333334,10.416666666666666,17.708333333333332,7.291666666666667
2026-06-26,4604.5,4111.32,3325.5,89.289173634488,72.22282549679662,493.1800000000003,1279.0,12.5,17.708333333333332,16.145833333333332,8.854166666666666,17.708333333333332,7.291666666666667,13.020833333333334,11.979166666666666
2026-06-27,3740.5,3687.0,3361.5,98.56970993182729,89.86766475070178,53.5,379.0,6.25,10.416666666666666,15.104166666666666,9.895833333333334,13.020833333333334,11.979166666666666,17.1875,7.8125
2026-06-28,4480.75,4084.25,4275.125,91.15103498298276,95.41092451040562,396.5,205.625,11.458333333333334,7.291666666666667,16.145833333333332,8.854166666666666,17.1875,7.8125,15.625,9.375
2026-06-29,5571.375,5085.625,4807.875,91.28132642301048,86.29602207713536,485.75,763.5,10.416666666666666,16.666666666666668,15.625,9.375,15.625,9.375,13.541666666666666,11.458333333333334
2026-06-30,5487.5,4599.625,4686.0,83.82004555808656,85.39407744874715,887.875,801.5,15.104166666666666,11.979166666666666,16.145833333333332,8.854166666666666,13.541666666666666,11.458333333333334,14.583333333333334,9.895833333333334
