settlementDate,settlementPeriodFrom,settlementPeriodTo,timeFrom,timeTo,levelFrom,levelTo,nationalGridBmUnit,bmUnit,acceptanceNumber,acceptanceTime,deemedBoFlag,soFlag,storFlag,rrFlag,direction,accepted_delta_mw
2026-09-04,16,16,2026-09-04 06:38:00+00:00,2026-09-04 06:44:00+00:00,14,0,AG-AFLX03,2__AFLEX003,25152,2026-09-04 06:05:00+00:00,False,False,False,False,down,14
2026-09-04,15,16,2026-09-04 06:26:00+00:00,2026-09-04 06:38:00+00:00,14,14,AG-AFLX03,2__AFLEX003,25152,2026-09-04 06:05:00+00:00,False,False,False,False,flat,0
2026-09-04,16,16,2026-09-04 06:38:00+00:00,2026-09-04 06:43:00+00:00,16,0,AG-AFLX04,2__AFLEX004,25302,2026-09-04 06:05:00+00:00,False,False,False,False,down,16
2026-09-04,15,16,2026-09-04 06:26:00+00:00,2026-09-04 06:38:00+00:00,16,16,AG-AFLX04,2__AFLEX004,25302,2026-09-04 06:05:00+00:00,False,False,False,False,flat,0
2026-09-04,16,16,2026-09-04 06:38:00+00:00,2026-09-04 06:44:00+00:00,16,0,AG-AFLX05,2__AFLEX005,23891,2026-09-04 06:05:00+00:00,False,False,False,False,down,16
2026-09-04,15,16,2026-09-04 06:26:00+00:00,2026-09-04 06:38:00+00:00,16,16,AG-AFLX05,2__AFLEX005,23891,2026-09-04 06:05:00+00:00,False,False,False,False,flat,0
2026-09-04,16,16,2026-09-04 06:38:00+00:00,2026-09-04 06:42:00+00:00,27,0,AG-ASTK03,2__ASTAT003,25386,2026-09-04 06:05:00+00:00,False,False,False,False,down,27
2026-09-04,15,16,2026-09-04 06:26:00+00:00,2026-09-04 06:38:00+00:00,27,27,AG-ASTK03,2__ASTAT003,25386,2026-09-04 06:05:00+00:00,False,False,False,False,flat,0
2026-09-04,16,16,2026-09-04 06:38:00+00:00,2026-09-04 06:43:00+00:00,7,0,AG-BFLX03,2__BFLEX003,16440,2026-09-04 06:05:00+00:00,False,False,False,False,down,7
2026-09-04,15,16,2026-09-04 06:26:00+00:00,2026-09-04 06:38:00+00:00,7,7,AG-BFLX03,2__BFLEX003,16440,2026-09-04 06:05:00+00:00,False,False,False,False,flat,0
2026-09-04,16,16,2026-09-04 06:38:00+00:00,2026-09-04 06:40:00+00:00,18,0,AG-DEDF02,2__DLOND002,7831,2026-09-04 06:05:00+00:00,False,False,False,False,down,18
2026-09-04,15,16,2026-09-04 06:26:00+00:00,2026-09-04 06:38:00+00:00,18,18,AG-DEDF02,2__DLOND002,7831,2026-09-04 06:05:00+00:00,False,False,False,False,flat,0
2026-09-04,16,16,2026-09-04 06:38:00+00:00,2026-09-04 06:43:00+00:00,20,0,AG-DSTK01,2__DSTAT001,34162,2026-09-04 06:05:00+00:00,False,False,False,False,down,20
2026-09-04,15,16,2026-09-04 06:26:00+00:00,2026-09-04 06:38:00+00:00,20,20,AG-DSTK01,2__DSTAT001,34162,2026-09-04 06:05:00+00:00,False,False,False,False,flat,0
2026-09-04,16,16,2026-09-04 06:38:00+00:00,2026-09-04 06:45:00+00:00,5,0,AG-EEDF02,2__ELOND002,3087,2026-09-04 06:05:00+00:00,False,False,False,False,down,5
2026-09-04,15,16,2026-09-04 06:26:00+00:00,2026-09-04 06:38:00+00:00,5,5,AG-EEDF02,2__ELOND002,3087,2026-09-04 06:05:00+00:00,False,False,False,False,flat,0
2026-09-04,16,16,2026-09-04 06:38:00+00:00,2026-09-04 06:42:00+00:00,10,0,AG-EFLX02,2__EFLEX002,33323,2026-09-04 06:05:00+00:00,False,False,False,False,down,10
2026-09-04,15,16,2026-09-04 06:26:00+00:00,2026-09-04 06:38:00+00:00,10,10,AG-EFLX02,2__EFLEX002,33323,2026-09-04 06:05:00+00:00,False,False,False,False,flat,0
2026-09-04,16,16,2026-09-04 06:38:00+00:00,2026-09-04 06:42:00+00:00,18,0,AG-EFLX03,2__EFLEX003,22357,2026-09-04 06:05:00+00:00,False,False,False,False,down,18
2026-09-04,15,16,2026-09-04 06:26:00+00:00,2026-09-04 06:38:00+00:00,18,18,AG-EFLX03,2__EFLEX003,22357,2026-09-04 06:05:00+00:00,False,False,False,False,flat,0
2026-09-04,16,16,2026-09-04 06:38:00+00:00,2026-09-04 06:42:00+00:00,18,0,AG-EFLX04,2__EFLEX004,19934,2026-09-04 06:05:00+00:00,False,False,False,False,down,18
2026-09-04,15,16,2026-09-04 06:26:00+00:00,2026-09-04 06:38:00+00:00,18,18,AG-EFLX04,2__EFLEX004,19934,2026-09-04 06:05:00+00:00,False,False,False,False,flat,0
2026-09-04,16,16,2026-09-04 06:38:00+00:00,2026-09-04 06:43:00+00:00,20,0,AG-ESTK01,2__ESTAT001,33756,2026-09-04 06:05:00+00:00,False,False,False,False,down,20
2026-09-04,15,16,2026-09-04 06:26:00+00:00,2026-09-04 06:38:00+00:00,20,20,AG-ESTK01,2__ESTAT001,33756,2026-09-04 06:05:00+00:00,False,False,False,False,flat,0
2026-09-04,16,16,2026-09-04 06:38:00+00:00,2026-09-04 06:42:00+00:00,8,0,AG-GFLX01,2__GFLEX001,16155,2026-09-04 06:05:00+00:00,False,False,False,False,down,8
2026-09-04,15,16,2026-09-04 06:26:00+00:00,2026-09-04 06:38:00+00:00,8,8,AG-GFLX01,2__GFLEX001,16155,2026-09-04 06:05:00+00:00,False,False,False,False,flat,0
2026-09-04,16,16,2026-09-04 06:38:00+00:00,2026-09-04 06:42:00+00:00,6,0,AG-GFLX02,2__GFLEX002,16159,2026-09-04 06:05:00+00:00,False,False,False,False,down,6
2026-09-04,15,16,2026-09-04 06:26:00+00:00,2026-09-04 06:38:00+00:00,6,6,AG-GFLX02,2__GFLEX002,16159,2026-09-04 06:05:00+00:00,False,False,False,False,flat,0
2026-09-04,16,16,2026-09-04 06:38:00+00:00,2026-09-04 06:42:00+00:00,6,0,AG-GFLX03,2__GFLEX003,16746,2026-09-04 06:05:00+00:00,False,False,False,False,down,6
2026-09-04,15,16,2026-09-04 06:26:00+00:00,2026-09-04 06:38:00+00:00,6,6,AG-GFLX03,2__GFLEX003,16746,2026-09-04 06:05:00+00:00,False,False,False,False,flat,0
2026-09-04,16,16,2026-09-04 06:38:00+00:00,2026-09-04 06:42:00+00:00,6,0,AG-GFLX06,2__GFLEX006,2030,2026-09-04 06:05:00+00:00,False,False,False,False,down,6
2026-09-04,15,16,2026-09-04 06:26:00+00:00,2026-09-04 06:38:00+00:00,6,6,AG-GFLX06,2__GFLEX006,2030,2026-09-04 06:05:00+00:00,False,False,False,False,flat,0
2026-09-04,16,16,2026-09-04 06:38:00+00:00,2026-09-04 06:43:00+00:00,16,0,AG-GSTK10,2__GSTAT010,10711,2026-09-04 06:05:00+00:00,False,False,False,False,down,16
2026-09-04,15,16,2026-09-04 06:26:00+00:00,2026-09-04 06:38:00+00:00,16,16,AG-GSTK10,2__GSTAT010,10711,2026-09-04 06:05:00+00:00,False,False,False,False,flat,0
2026-09-04,16,16,2026-09-04 06:38:00+00:00,2026-09-04 06:40:00+00:00,13,0,AG-GSTK13,2__GSTAT013,7060,2026-09-04 06:05:00+00:00,False,False,False,False,down,13
2026-09-04,15,16,2026-09-04 06:26:00+00:00,2026-09-04 06:38:00+00:00,13,13,AG-GSTK13,2__GSTAT013,7060,2026-09-04 06:05:00+00:00,False,False,False,False,flat,0
2026-09-04,16,16,2026-09-04 06:38:00+00:00,2026-09-04 06:43:00+00:00,6,0,AG-HEDF03,2__HLOND003,2810,2026-09-04 06:05:00+00:00,False,False,False,False,down,6
2026-09-04,15,16,2026-09-04 06:26:00+00:00,2026-09-04 06:38:00+00:00,6,6,AG-HEDF03,2__HLOND003,2810,2026-09-04 06:05:00+00:00,False,False,False,False,flat,0
2026-09-04,16,16,2026-09-04 06:38:00+00:00,2026-09-04 06:43:00+00:00,18,0,AG-HFLX01,2__HFLEX001,22374,2026-09-04 06:05:00+00:00,False,False,False,False,down,18
2026-09-04,15,16,2026-09-04 06:26:00+00:00,2026-09-04 06:38:00+00:00,18,18,AG-HFLX01,2__HFLEX001,22374,2026-09-04 06:05:00+00:00,False,False,False,False,flat,0
2026-09-04,16,16,2026-09-04 06:38:00+00:00,2026-09-04 06:42:00+00:00,20,0,AG-HSTK03,2__HSTAT003,13670,2026-09-04 06:05:00+00:00,False,False,False,False,down,20
2026-09-04,15,16,2026-09-04 06:26:00+00:00,2026-09-04 06:38:00+00:00,20,20,AG-HSTK03,2__HSTAT003,13670,2026-09-04 06:05:00+00:00,False,False,False,False,flat,0
2026-09-04,16,16,2026-09-04 06:38:00+00:00,2026-09-04 06:43:00+00:00,16,0,AG-HSTK05,2__HSTAT005,10999,2026-09-04 06:05:00+00:00,False,False,False,False,down,16
2026-09-04,15,16,2026-09-04 06:24:00+00:00,2026-09-04 06:38:00+00:00,16,16,AG-HSTK05,2__HSTAT005,10999,2026-09-04 06:05:00+00:00,False,False,False,False,flat,0
2026-09-04,16,16,2026-09-04 06:38:00+00:00,2026-09-04 06:43:00+00:00,16,0,AG-HSTK06,2__HSTAT006,11279,2026-09-04 06:05:00+00:00,False,False,False,False,down,16
2026-09-04,15,16,2026-09-04 06:26:00+00:00,2026-09-04 06:38:00+00:00,16,16,AG-HSTK06,2__HSTAT006,11279,2026-09-04 06:05:00+00:00,False,False,False,False,flat,0
2026-09-04,16,16,2026-09-04 06:38:00+00:00,2026-09-04 06:41:00+00:00,12,0,AG-HSTK09,2__HSTAT009,1401,2026-09-04 06:05:00+00:00,False,False,False,False,down,12
2026-09-04,15,16,2026-09-04 06:26:00+00:00,2026-09-04 06:38:00+00:00,12,12,AG-HSTK09,2__HSTAT009,1401,2026-09-04 06:05:00+00:00,False,False,False,False,flat,0
2026-09-04,16,16,2026-09-04 06:38:00+00:00,2026-09-04 06:40:00+00:00,7,0,AG-JEDF02,2__JLOND002,8709,2026-09-04 06:05:00+00:00,False,False,False,False,down,7
2026-09-04,15,16,2026-09-04 06:26:00+00:00,2026-09-04 06:38:00+00:00,7,7,AG-JEDF02,2__JLOND002,8709,2026-09-04 06:05:00+00:00,False,False,False,False,flat,0
2026-09-04,16,16,2026-09-04 06:38:00+00:00,2026-09-04 06:40:00+00:00,7,0,AG-JEDF03,2__JLOND003,8745,2026-09-04 06:05:00+00:00,False,False,False,False,down,7
2026-09-04,15,16,2026-09-04 06:26:00+00:00,2026-09-04 06:38:00+00:00,7,7,AG-JEDF03,2__JLOND003,8745,2026-09-04 06:05:00+00:00,False,False,False,False,flat,0
2026-09-04,16,16,2026-09-04 06:30:00+00:00,2026-09-04 06:31:00+00:00,1,0,AG-JSTK03,2__JSTAT003,11140,2026-09-04 06:05:00+00:00,False,False,False,False,down,1
2026-09-04,15,16,2026-09-04 06:26:00+00:00,2026-09-04 06:30:00+00:00,1,1,AG-JSTK03,2__JSTAT003,11140,2026-09-04 06:05:00+00:00,False,False,False,False,flat,0
2026-09-04,16,16,2026-09-04 06:38:00+00:00,2026-09-04 06:44:00+00:00,18,0,AG-KFLX01,2__KFLEX001,18026,2026-09-04 06:05:00+00:00,False,False,False,False,down,18
2026-09-04,15,16,2026-09-04 06:26:00+00:00,2026-09-04 06:38:00+00:00,18,18,AG-KFLX01,2__KFLEX001,18026,2026-09-04 06:05:00+00:00,False,False,False,False,flat,0
2026-09-04,16,16,2026-09-04 06:38:00+00:00,2026-09-04 06:43:00+00:00,18,0,AG-KFLX02,2__KFLEX002,2,2026-09-04 06:05:00+00:00,False,False,False,False,down,18
2026-09-04,16,16,2026-09-04 06:30:00+00:00,2026-09-04 06:38:00+00:00,18,18,AG-KFLX02,2__KFLEX002,2,2026-09-04 06:05:00+00:00,False,False,False,False,flat,0
2026-09-04,16,16,2026-09-04 06:38:00+00:00,2026-09-04 06:42:00+00:00,12,0,AG-KSTK02,2__KSTAT002,11556,2026-09-04 06:05:00+00:00,False,False,False,False,down,12
2026-09-04,15,16,2026-09-04 06:26:00+00:00,2026-09-04 06:38:00+00:00,12,12,AG-KSTK02,2__KSTAT002,11556,2026-09-04 06:05:00+00:00,False,False,False,False,flat,0
2026-09-04,16,16,2026-09-04 06:38:00+00:00,2026-09-04 06:43:00+00:00,16,0,AG-KSTK03,2__KSTAT003,11293,2026-09-04 06:05:00+00:00,False,False,False,False,down,16
2026-09-04,15,16,2026-09-04 06:26:00+00:00,2026-09-04 06:38:00+00:00,16,16,AG-KSTK03,2__KSTAT003,11293,2026-09-04 06:05:00+00:00,False,False,False,False,flat,0
2026-09-04,16,16,2026-09-04 06:38:00+00:00,2026-09-04 06:42:00+00:00,16,0,AG-KSTK04,2__KSTAT004,8756,2026-09-04 06:05:00+00:00,False,False,False,False,down,16
2026-09-04,15,16,2026-09-04 06:26:00+00:00,2026-09-04 06:38:00+00:00,16,16,AG-KSTK04,2__KSTAT004,8756,2026-09-04 06:05:00+00:00,False,False,False,False,flat,0
2026-09-04,16,16,2026-09-04 06:38:00+00:00,2026-09-04 06:42:00+00:00,16,0,AG-LSTK01,2__LSTAT001,38650,2026-09-04 06:05:00+00:00,False,False,False,False,down,16
2026-09-04,15,16,2026-09-04 06:26:00+00:00,2026-09-04 06:38:00+00:00,16,16,AG-LSTK01,2__LSTAT001,38650,2026-09-04 06:05:00+00:00,False,False,False,False,flat,0
2026-09-04,15,16,2026-09-04 06:28:00+00:00,2026-09-04 06:35:00+00:00,19,0,AG-LSTK02,2__LSTAT002,13070,2026-09-04 06:05:00+00:00,False,False,False,False,down,19
2026-09-04,15,15,2026-09-04 06:26:00+00:00,2026-09-04 06:28:00+00:00,19,19,AG-LSTK02,2__LSTAT002,13070,2026-09-04 06:05:00+00:00,False,False,False,False,flat,0
2026-09-04,16,16,2026-09-04 06:38:00+00:00,2026-09-04 06:40:00+00:00,17,0,AG-LSTK03,2__LSTAT003,13698,2026-09-04 06:05:00+00:00,False,False,False,False,down,17
2026-09-04,15,16,2026-09-04 06:26:00+00:00,2026-09-04 06:38:00+00:00,17,17,AG-LSTK03,2__LSTAT003,13698,2026-09-04 06:05:00+00:00,False,False,False,False,flat,0
2026-09-04,16,16,2026-09-04 06:38:00+00:00,2026-09-04 06:40:00+00:00,46,0,AG-MCET01,2__MCNDL002,6521,2026-09-04 06:05:00+00:00,False,False,False,False,down,46
2026-09-04,15,16,2026-09-04 06:26:00+00:00,2026-09-04 06:38:00+00:00,46,46,AG-MCET01,2__MCNDL002,6521,2026-09-04 06:05:00+00:00,False,False,False,False,flat,0
2026-09-04,16,16,2026-09-04 06:38:00+00:00,2026-09-04 06:40:00+00:00,44,0,AG-MSTK02,2__MSTAT002,27393,2026-09-04 06:05:00+00:00,False,False,False,False,down,44
2026-09-04,15,16,2026-09-04 06:26:00+00:00,2026-09-04 06:38:00+00:00,44,44,AG-MSTK02,2__MSTAT002,27393,2026-09-04 06:05:00+00:00,False,False,False,False,flat,0
2026-09-04,16,16,2026-09-04 06:38:00+00:00,2026-09-04 06:42:00+00:00,4,0,AG-MSTK04,2__MSTAT004,10640,2026-09-04 06:05:00+00:00,False,False,False,False,down,4
2026-09-04,15,16,2026-09-04 06:26:00+00:00,2026-09-04 06:38:00+00:00,4,4,AG-MSTK04,2__MSTAT004,10640,2026-09-04 06:05:00+00:00,False,False,False,False,flat,0
2026-09-04,16,16,2026-09-04 06:38:00+00:00,2026-09-04 06:42:00+00:00,16,0,AG-MSTK06,2__MSTAT006,9552,2026-09-04 06:05:00+00:00,False,False,False,False,down,16
2026-09-04,15,16,2026-09-04 06:26:00+00:00,2026-09-04 06:38:00+00:00,16,16,AG-MSTK06,2__MSTAT006,9552,2026-09-04 06:05:00+00:00,False,False,False,False,flat,0
2026-09-04,16,16,2026-09-04 06:38:00+00:00,2026-09-04 06:41:00+00:00,34,0,ALCOA-1,E_ALCOA-1,37163,2026-09-04 06:05:00+00:00,False,False,False,False,down,34
2026-09-04,15,16,2026-09-04 06:26:00+00:00,2026-09-04 06:38:00+00:00,34,34,ALCOA-1,E_ALCOA-1,37163,2026-09-04 06:05:00+00:00,False,False,False,False,flat,0
2026-09-04,15,15,2026-09-04 06:13:00+00:00,2026-09-04 06:14:00+00:00,-2,-3,BLPFB-1,T_BLPFB-1,21131,2026-09-04 06:05:00+00:00,False,False,False,False,down,1
2026-09-04,15,15,2026-09-04 06:11:00+00:00,2026-09-04 06:13:00+00:00,-2,-2,BLPFB-1,T_BLPFB-1,21131,2026-09-04 06:05:00+00:00,False,False,False,False,flat,0
2026-09-04,15,15,2026-09-04 06:10:00+00:00,2026-09-04 06:11:00+00:00,0,-2,BLPFB-1,T_BLPFB-1,21131,2026-09-04 06:05:00+00:00,False,False,False,False,down,2
2026-09-04,16,16,2026-09-04 06:38:00+00:00,2026-09-04 06:41:00+00:00,20,0,BNCRG-1,V__GFORS002,2795,2026-09-04 06:05:00+00:00,False,False,False,False,down,20
2026-09-04,15,15,2026-09-04 06:19:00+00:00,2026-09-04 06:20:00+00:00,0,-3,BLPFB-1,T_BLPFB-1,21132,2026-09-04 06:06:00+00:00,False,False,False,False,down,3
2026-09-04,15,15,2026-09-04 06:14:00+00:00,2026-09-04 06:19:00+00:00,0,0,BLPFB-1,T_BLPFB-1,21132,2026-09-04 06:06:00+00:00,False,False,False,False,flat,0
2026-09-04,15,15,2026-09-04 06:13:00+00:00,2026-09-04 06:14:00+00:00,-2,0,BLPFB-1,T_BLPFB-1,21132,2026-09-04 06:06:00+00:00,False,False,False,False,up,2
2026-09-04,17,17,2026-09-04 07:01:00+00:00,2026-09-04 07:02:00+00:00,0,48,GRIFW-1,T_GRIFW-1,76956,2026-09-04 06:06:00+00:00,False,True,False,False,up,48
2026-09-04,15,17,2026-09-04 06:16:00+00:00,2026-09-04 07:01:00+00:00,0,0,GRIFW-1,T_GRIFW-1,76956,2026-09-04 06:06:00+00:00,False,True,False,False,flat,0
2026-09-04,15,15,2026-09-04 06:19:00+00:00,2026-09-04 06:20:00+00:00,0,-20,NEWPB-1,E_NEWPB-1,25388,2026-09-04 06:06:00+00:00,False,False,False,False,down,20
2026-09-04,15,15,2026-09-04 06:17:00+00:00,2026-09-04 06:19:00+00:00,0,0,NEWPB-1,E_NEWPB-1,25388,2026-09-04 06:06:00+00:00,False,False,False,False,flat,0
2026-09-04,15,15,2026-09-04 06:16:00+00:00,2026-09-04 06:17:00+00:00,-2,0,NEWPB-1,E_NEWPB-1,25388,2026-09-04 06:06:00+00:00,False,False,False,False,up,2
2026-09-04,16,16,2026-09-04 06:51:00+00:00,2026-09-04 06:53:00+00:00,0,82,NOKYW-2,T_NOKYW-2,3305,2026-09-04 06:06:00+00:00,False,True,False,False,up,82
2026-09-04,15,16,2026-09-04 06:21:00+00:00,2026-09-04 06:51:00+00:00,0,0,NOKYW-2,T_NOKYW-2,3305,2026-09-04 06:06:00+00:00,False,True,False,False,flat,0
2026-09-04,16,16,2026-09-04 06:38:00+00:00,2026-09-04 06:39:00+00:00,16,0,PGHVT-1,E_PGHVNT,7744,2026-09-04 06:06:00+00:00,False,False,False,False,down,16
2026-09-04,16,16,2026-09-04 06:33:00+00:00,2026-09-04 06:38:00+00:00,16,16,PGHVT-1,E_PGHVNT,7744,2026-09-04 06:06:00+00:00,False,False,False,False,flat,0
2026-09-04,16,16,2026-09-04 06:32:00+00:00,2026-09-04 06:33:00+00:00,13,16,PGHVT-1,E_PGHVNT,7744,2026-09-04 06:06:00+00:00,False,False,False,False,up,3
2026-09-04,16,16,2026-09-04 06:38:00+00:00,2026-09-04 06:39:00+00:00,10,0,PGLAN-1,E_PGLLAN,8052,2026-09-04 06:06:00+00:00,False,False,False,False,down,10
2026-09-04,15,16,2026-09-04 06:28:00+00:00,2026-09-04 06:38:00+00:00,10,10,PGLAN-1,E_PGLLAN,8052,2026-09-04 06:06:00+00:00,False,False,False,False,flat,0
2026-09-04,15,15,2026-09-04 06:27:00+00:00,2026-09-04 06:28:00+00:00,5,10,PGLAN-1,E_PGLLAN,8052,2026-09-04 06:06:00+00:00,False,False,False,False,up,5
