forecast_created_utc,nominal_forecast_issue_time_local,weather_run_init_utc,target_date,settlement_period,valid_time_local,valid_time_utc,wind_pred_cf,wind_forecast_mw,wind_capacity_mw,solar_pred_cf,solar_forecast_mw,solar_capacity_mw,weather_model,capacity_source,capacity_source_date
2026-10-09T14:28:24+0000,2026-10-09T09:00:00+0100,2026-10-09T00:00:00+0000,2026-10-10,1,2026-10-10T00:00:00+0100,2026-10-09T23:00:00+0000,0.48258060216903687,2850.1210364103317,5906.0,0.0,0.0,23963.0,ECMWF IFS HRES 9 km,NESO Daily Demand Update,2026-10-10
2026-10-09T14:28:24+0000,2026-10-09T09:00:00+0100,2026-10-09T00:00:00+0000,2026-10-10,2,2026-10-10T00:30:00+0100,2026-10-09T23:30:00+0000,0.5033072233200073,2972.5324609279633,5906.0,0.0,0.0,23963.0,ECMWF IFS HRES 9 km,NESO Daily Demand Update,2026-10-10
2026-10-09T14:28:24+0000,2026-10-09T09:00:00+0100,2026-10-09T00:00:00+0000,2026-10-10,3,2026-10-10T01:00:00+0100,2026-10-10T00:00:00+0000,0.5339843034744263,3153.7112963199615,5906.0,0.0,0.0,23963.0,ECMWF IFS HRES 9 km,NESO Daily Demand Update,2026-10-10
2026-10-09T14:28:24+0000,2026-10-09T09:00:00+0100,2026-10-09T00:00:00+0000,2026-10-10,4,2026-10-10T01:30:00+0100,2026-10-10T00:30:00+0000,0.5566849112510681,3287.7810858488083,5906.0,0.0,0.0,23963.0,ECMWF IFS HRES 9 km,NESO Daily Demand Update,2026-10-10
2026-10-09T14:28:24+0000,2026-10-09T09:00:00+0100,2026-10-09T00:00:00+0000,2026-10-10,5,2026-10-10T02:00:00+0100,2026-10-10T01:00:00+0000,0.5718440413475037,3377.3109081983566,5906.0,0.0,0.0,23963.0,ECMWF IFS HRES 9 km,NESO Daily Demand Update,2026-10-10
2026-10-09T14:28:24+0000,2026-10-09T09:00:00+0100,2026-10-09T00:00:00+0000,2026-10-10,6,2026-10-10T02:30:00+0100,2026-10-10T01:30:00+0000,0.5622557401657104,3320.682401418686,5906.0,0.0,0.0,23963.0,ECMWF IFS HRES 9 km,NESO Daily Demand Update,2026-10-10
2026-10-09T14:28:24+0000,2026-10-09T09:00:00+0100,2026-10-09T00:00:00+0000,2026-10-10,7,2026-10-10T03:00:00+0100,2026-10-10T02:00:00+0000,0.5435269474983215,3210.070151925087,5906.0,0.0,0.0,23963.0,ECMWF IFS HRES 9 km,NESO Daily Demand Update,2026-10-10
2026-10-09T14:28:24+0000,2026-10-09T09:00:00+0100,2026-10-09T00:00:00+0000,2026-10-10,8,2026-10-10T03:30:00+0100,2026-10-10T02:30:00+0000,0.5669047832489014,3348.1396498680115,5906.0,0.0,0.0,23963.0,ECMWF IFS HRES 9 km,NESO Daily Demand Update,2026-10-10
2026-10-09T14:28:24+0000,2026-10-09T09:00:00+0100,2026-10-09T00:00:00+0000,2026-10-10,9,2026-10-10T04:00:00+0100,2026-10-10T03:00:00+0000,0.5799052119255066,3424.920181632042,5906.0,0.0,0.0,23963.0,ECMWF IFS HRES 9 km,NESO Daily Demand Update,2026-10-10
2026-10-09T14:28:24+0000,2026-10-09T09:00:00+0100,2026-10-09T00:00:00+0000,2026-10-10,10,2026-10-10T04:30:00+0100,2026-10-10T03:30:00+0000,0.5805953741073608,3428.996279478073,5906.0,0.0,0.0,23963.0,ECMWF IFS HRES 9 km,NESO Daily Demand Update,2026-10-10
2026-10-09T14:28:24+0000,2026-10-09T09:00:00+0100,2026-10-09T00:00:00+0000,2026-10-10,11,2026-10-10T05:00:00+0100,2026-10-10T04:00:00+0000,0.5778915882110596,3413.027719974518,5906.0,0.0,0.0,23963.0,ECMWF IFS HRES 9 km,NESO Daily Demand Update,2026-10-10
2026-10-09T14:28:24+0000,2026-10-09T09:00:00+0100,2026-10-09T00:00:00+0000,2026-10-10,12,2026-10-10T05:30:00+0100,2026-10-10T04:30:00+0000,0.5522347092628479,3261.4981929063797,5906.0,0.0,0.0,23963.0,ECMWF IFS HRES 9 km,NESO Daily Demand Update,2026-10-10
2026-10-09T14:28:24+0000,2026-10-09T09:00:00+0100,2026-10-09T00:00:00+0000,2026-10-10,13,2026-10-10T06:00:00+0100,2026-10-10T05:00:00+0000,0.5317827463150024,3140.7088997364044,5906.0,0.0,0.0,23963.0,ECMWF IFS HRES 9 km,NESO Daily Demand Update,2026-10-10
2026-10-09T14:28:24+0000,2026-10-09T09:00:00+0100,2026-10-09T00:00:00+0000,2026-10-10,14,2026-10-10T06:30:00+0100,2026-10-10T05:30:00+0000,0.55274498462677,3264.5118792057037,5906.0,0.0,0.0,23963.0,ECMWF IFS HRES 9 km,NESO Daily Demand Update,2026-10-10
2026-10-09T14:28:24+0000,2026-10-09T09:00:00+0100,2026-10-09T00:00:00+0000,2026-10-10,15,2026-10-10T07:00:00+0100,2026-10-10T06:00:00+0000,0.5413991212844849,3197.5032103061676,5906.0,0.0,0.0,23963.0,ECMWF IFS HRES 9 km,NESO Daily Demand Update,2026-10-10
2026-10-09T14:28:24+0000,2026-10-09T09:00:00+0100,2026-10-09T00:00:00+0000,2026-10-10,16,2026-10-10T07:30:00+0100,2026-10-10T06:30:00+0000,0.5527185797691345,3264.3559321165085,5906.0,0.012725218359888785,304.934407558015,23963.0,ECMWF IFS HRES 9 km,NESO Daily Demand Update,2026-10-10
2026-10-09T14:28:24+0000,2026-10-09T09:00:00+0100,2026-10-09T00:00:00+0000,2026-10-10,17,2026-10-10T08:00:00+0100,2026-10-10T07:00:00+0000,0.5589120388031006,3300.934501171112,5906.0,0.043528609135867244,1043.0760607227867,23963.0,ECMWF IFS HRES 9 km,NESO Daily Demand Update,2026-10-10
2026-10-09T14:28:24+0000,2026-10-09T09:00:00+0100,2026-10-09T00:00:00+0000,2026-10-10,18,2026-10-10T08:30:00+0100,2026-10-10T07:30:00+0000,0.5450084805488586,3218.820086121559,5906.0,0.11451647168031409,2744.1582108753664,23963.0,ECMWF IFS HRES 9 km,NESO Daily Demand Update,2026-10-10
2026-10-09T14:28:24+0000,2026-10-09T09:00:00+0100,2026-10-09T00:00:00+0000,2026-10-10,19,2026-10-10T09:00:00+0100,2026-10-10T08:00:00+0000,0.5282605886459351,3119.9070365428925,5906.0,0.1851668314623325,4437.152782331874,23963.0,ECMWF IFS HRES 9 km,NESO Daily Demand Update,2026-10-10
2026-10-09T14:28:24+0000,2026-10-09T09:00:00+0100,2026-10-09T00:00:00+0000,2026-10-10,20,2026-10-10T09:30:00+0100,2026-10-10T08:30:00+0000,0.5116119980812073,3021.58046066761,5906.0,0.26071060767009474,6247.40829159848,23963.0,ECMWF IFS HRES 9 km,NESO Daily Demand Update,2026-10-10
2026-10-09T14:28:24+0000,2026-10-09T09:00:00+0100,2026-10-09T00:00:00+0000,2026-10-10,21,2026-10-10T10:00:00+0100,2026-10-10T09:00:00+0000,0.5048913359642029,2981.888230204582,5906.0,0.3063835123269533,7341.868105890782,23963.0,ECMWF IFS HRES 9 km,NESO Daily Demand Update,2026-10-10
2026-10-09T14:28:24+0000,2026-10-09T09:00:00+0100,2026-10-09T00:00:00+0000,2026-10-10,22,2026-10-10T10:30:00+0100,2026-10-10T09:30:00+0000,0.5662295818328857,3344.151910305023,5906.0,0.3495667856753883,8376.66888513933,23963.0,ECMWF IFS HRES 9 km,NESO Daily Demand Update,2026-10-10
2026-10-09T14:28:24+0000,2026-10-09T09:00:00+0100,2026-10-09T00:00:00+0000,2026-10-10,23,2026-10-10T11:00:00+0100,2026-10-10T10:00:00+0000,0.6344348788261414,3746.972394347191,5906.0,0.36802605306258385,8819.008309538696,23963.0,ECMWF IFS HRES 9 km,NESO Daily Demand Update,2026-10-10
2026-10-09T14:28:24+0000,2026-10-09T09:00:00+0100,2026-10-09T00:00:00+0000,2026-10-10,24,2026-10-10T11:30:00+0100,2026-10-10T10:30:00+0000,0.6502705216407776,3840.4977008104324,5906.0,0.3778313735947012,9053.973205449825,23963.0,ECMWF IFS HRES 9 km,NESO Daily Demand Update,2026-10-10
2026-10-09T14:28:24+0000,2026-10-09T09:00:00+0100,2026-10-09T00:00:00+0000,2026-10-10,25,2026-10-10T12:00:00+0100,2026-10-10T11:00:00+0000,0.671618640422821,3966.579690337181,5906.0,0.3787490289752651,9075.962981334276,23963.0,ECMWF IFS HRES 9 km,NESO Daily Demand Update,2026-10-10
2026-10-09T14:28:24+0000,2026-10-09T09:00:00+0100,2026-10-09T00:00:00+0000,2026-10-10,26,2026-10-10T12:30:00+0100,2026-10-10T11:30:00+0000,0.6710734963417053,3963.3600693941116,5906.0,0.3729963078065678,8938.110523968784,23963.0,ECMWF IFS HRES 9 km,NESO Daily Demand Update,2026-10-10
2026-10-09T14:28:24+0000,2026-10-09T09:00:00+0100,2026-10-09T00:00:00+0000,2026-10-10,27,2026-10-10T13:00:00+0100,2026-10-10T12:00:00+0000,0.6768813729286194,3997.661388516426,5906.0,0.3713805150149659,8899.391281303628,23963.0,ECMWF IFS HRES 9 km,NESO Daily Demand Update,2026-10-10
2026-10-09T14:28:24+0000,2026-10-09T09:00:00+0100,2026-10-09T00:00:00+0000,2026-10-10,28,2026-10-10T13:30:00+0100,2026-10-10T12:30:00+0000,0.6934151649475098,4095.3099641799927,5906.0,0.3445567319442365,8256.61296757974,23963.0,ECMWF IFS HRES 9 km,NESO Daily Demand Update,2026-10-10
2026-10-09T14:28:24+0000,2026-10-09T09:00:00+0100,2026-10-09T00:00:00+0000,2026-10-10,29,2026-10-10T14:00:00+0100,2026-10-10T13:00:00+0000,0.6901697516441345,4076.1425532102585,5906.0,0.3197389792440337,7661.90515962478,23963.0,ECMWF IFS HRES 9 km,NESO Daily Demand Update,2026-10-10
2026-10-09T14:28:24+0000,2026-10-09T09:00:00+0100,2026-10-09T00:00:00+0000,2026-10-10,30,2026-10-10T14:30:00+0100,2026-10-10T13:30:00+0000,0.6926289200782776,4090.6664019823074,5906.0,0.2788158618922234,6681.264498523349,23963.0,ECMWF IFS HRES 9 km,NESO Daily Demand Update,2026-10-10
2026-10-09T14:28:24+0000,2026-10-09T09:00:00+0100,2026-10-09T00:00:00+0000,2026-10-10,31,2026-10-10T15:00:00+0100,2026-10-10T14:00:00+0000,0.6856082081794739,4049.2020775079727,5906.0,0.2543117487554833,6094.072435427646,23963.0,ECMWF IFS HRES 9 km,NESO Daily Demand Update,2026-10-10
2026-10-09T14:28:24+0000,2026-10-09T09:00:00+0100,2026-10-09T00:00:00+0000,2026-10-10,32,2026-10-10T15:30:00+0100,2026-10-10T14:30:00+0000,0.6633850336074829,3917.952008485794,5906.0,0.19819050351209822,4749.239035660409,23963.0,ECMWF IFS HRES 9 km,NESO Daily Demand Update,2026-10-10
2026-10-09T14:28:24+0000,2026-10-09T09:00:00+0100,2026-10-09T00:00:00+0000,2026-10-10,33,2026-10-10T16:00:00+0100,2026-10-10T15:00:00+0000,0.6070085763931274,3584.9926521778107,5906.0,0.15443155023391691,3700.643238255351,23963.0,ECMWF IFS HRES 9 km,NESO Daily Demand Update,2026-10-10
2026-10-09T14:28:24+0000,2026-10-09T09:00:00+0100,2026-10-09T00:00:00+0000,2026-10-10,34,2026-10-10T16:30:00+0100,2026-10-10T15:30:00+0000,0.6047003865242004,3571.360482811928,5906.0,0.09619255778791365,2305.0622622717747,23963.0,ECMWF IFS HRES 9 km,NESO Daily Demand Update,2026-10-10
2026-10-09T14:28:24+0000,2026-10-09T09:00:00+0100,2026-10-09T00:00:00+0000,2026-10-10,35,2026-10-10T17:00:00+0100,2026-10-10T16:00:00+0000,0.574280321598053,3391.699579358101,5906.0,0.054286109902915713,1300.8580516035693,23963.0,ECMWF IFS HRES 9 km,NESO Daily Demand Update,2026-10-10
2026-10-09T14:28:24+0000,2026-10-09T09:00:00+0100,2026-10-09T00:00:00+0000,2026-10-10,36,2026-10-10T17:30:00+0100,2026-10-10T16:30:00+0000,0.5739870071411133,3389.967264175415,5906.0,0.015844146455460766,379.67328151220636,23963.0,ECMWF IFS HRES 9 km,NESO Daily Demand Update,2026-10-10
2026-10-09T14:28:24+0000,2026-10-09T09:00:00+0100,2026-10-09T00:00:00+0000,2026-10-10,37,2026-10-10T18:00:00+0100,2026-10-10T17:00:00+0000,0.5914548635482788,3493.1324241161346,5906.0,0.00032838797837760574,7.869161125862567,23963.0,ECMWF IFS HRES 9 km,NESO Daily Demand Update,2026-10-10
2026-10-09T14:28:24+0000,2026-10-09T09:00:00+0100,2026-10-09T00:00:00+0000,2026-10-10,38,2026-10-10T18:30:00+0100,2026-10-10T17:30:00+0000,0.5490983128547668,3242.974635720253,5906.0,0.0001039665229676639,2.49134978987413,23963.0,ECMWF IFS HRES 9 km,NESO Daily Demand Update,2026-10-10
2026-10-09T14:28:24+0000,2026-10-09T09:00:00+0100,2026-10-09T00:00:00+0000,2026-10-10,39,2026-10-10T19:00:00+0100,2026-10-10T18:00:00+0000,0.5288893580436707,3123.620548605919,5906.0,0.0,0.0,23963.0,ECMWF IFS HRES 9 km,NESO Daily Demand Update,2026-10-10
2026-10-09T14:28:24+0000,2026-10-09T09:00:00+0100,2026-10-09T00:00:00+0000,2026-10-10,40,2026-10-10T19:30:00+0100,2026-10-10T18:30:00+0000,0.5206473469734192,3074.9432312250137,5906.0,0.0,0.0,23963.0,ECMWF IFS HRES 9 km,NESO Daily Demand Update,2026-10-10
2026-10-09T14:28:24+0000,2026-10-09T09:00:00+0100,2026-10-09T00:00:00+0000,2026-10-10,41,2026-10-10T20:00:00+0100,2026-10-10T19:00:00+0000,0.509063720703125,3006.5303344726562,5906.0,0.0,0.0,23963.0,ECMWF IFS HRES 9 km,NESO Daily Demand Update,2026-10-10
2026-10-09T14:28:24+0000,2026-10-09T09:00:00+0100,2026-10-09T00:00:00+0000,2026-10-10,42,2026-10-10T20:30:00+0100,2026-10-10T19:30:00+0000,0.5011037588119507,2959.5187995433807,5906.0,0.0,0.0,23963.0,ECMWF IFS HRES 9 km,NESO Daily Demand Update,2026-10-10
2026-10-09T14:28:24+0000,2026-10-09T09:00:00+0100,2026-10-09T00:00:00+0000,2026-10-10,43,2026-10-10T21:00:00+0100,2026-10-10T20:00:00+0000,0.493604451417923,2915.227890074253,5906.0,0.0,0.0,23963.0,ECMWF IFS HRES 9 km,NESO Daily Demand Update,2026-10-10
2026-10-09T14:28:24+0000,2026-10-09T09:00:00+0100,2026-10-09T00:00:00+0000,2026-10-10,44,2026-10-10T21:30:00+0100,2026-10-10T20:30:00+0000,0.48980745673179626,2892.8028394579887,5906.0,0.0,0.0,23963.0,ECMWF IFS HRES 9 km,NESO Daily Demand Update,2026-10-10
2026-10-09T14:28:24+0000,2026-10-09T09:00:00+0100,2026-10-09T00:00:00+0000,2026-10-10,45,2026-10-10T22:00:00+0100,2026-10-10T21:00:00+0000,0.47513508796691895,2806.1478295326233,5906.0,0.0,0.0,23963.0,ECMWF IFS HRES 9 km,NESO Daily Demand Update,2026-10-10
2026-10-09T14:28:24+0000,2026-10-09T09:00:00+0100,2026-10-09T00:00:00+0000,2026-10-10,46,2026-10-10T22:30:00+0100,2026-10-10T21:30:00+0000,0.44110557436943054,2605.169522225857,5906.0,0.0,0.0,23963.0,ECMWF IFS HRES 9 km,NESO Daily Demand Update,2026-10-10
2026-10-09T14:28:24+0000,2026-10-09T09:00:00+0100,2026-10-09T00:00:00+0000,2026-10-10,47,2026-10-10T23:00:00+0100,2026-10-10T22:00:00+0000,0.4242784082889557,2505.7882793545723,5906.0,0.0,0.0,23963.0,ECMWF IFS HRES 9 km,NESO Daily Demand Update,2026-10-10
2026-10-09T14:28:24+0000,2026-10-09T09:00:00+0100,2026-10-09T00:00:00+0000,2026-10-10,48,2026-10-10T23:30:00+0100,2026-10-10T22:30:00+0000,0.4178386628627777,2467.755142867565,5906.0,0.0,0.0,23963.0,ECMWF IFS HRES 9 km,NESO Daily Demand Update,2026-10-10
