forecast_created_utc,settlement_date,settlement_period,valid_time_utc,forecast_market_index_price_gbp_per_mwh,naive_market_index_price_gbp_per_mwh
2026-09-29T22:13:07.882410+00:00,2026-09-30,1,2026-09-29 23:00:00+00:00,154.7022123623727,155.13
2026-09-29T22:13:07.882410+00:00,2026-09-30,2,2026-09-29 23:30:00+00:00,151.73492014551843,150.01
2026-09-29T22:13:07.882410+00:00,2026-09-30,3,2026-09-30 00:00:00+00:00,155.53130057407935,153.08
2026-09-29T22:13:07.882410+00:00,2026-09-30,4,2026-09-30 00:30:00+00:00,153.57592448819764,149.34
2026-09-29T22:13:07.882410+00:00,2026-09-30,5,2026-09-30 01:00:00+00:00,153.1896699450154,150.86
2026-09-29T22:13:07.882410+00:00,2026-09-30,6,2026-09-30 01:30:00+00:00,151.65627313266856,149.24
2026-09-29T22:13:07.882410+00:00,2026-09-30,7,2026-09-30 02:00:00+00:00,152.4971133904398,143.84
2026-09-29T22:13:07.882410+00:00,2026-09-30,8,2026-09-30 02:30:00+00:00,152.24024881724011,146.49
2026-09-29T22:13:07.882410+00:00,2026-09-30,9,2026-09-30 03:00:00+00:00,155.34127600321338,142.98
2026-09-29T22:13:07.882410+00:00,2026-09-30,10,2026-09-30 03:30:00+00:00,154.5623589178429,137.87
2026-09-29T22:13:07.882410+00:00,2026-09-30,11,2026-09-30 04:00:00+00:00,164.64193562610083,171.67
2026-09-29T22:13:07.882410+00:00,2026-09-30,12,2026-09-30 04:30:00+00:00,169.89444451266823,171.79
2026-09-29T22:13:07.882410+00:00,2026-09-30,13,2026-09-30 05:00:00+00:00,173.33776838620028,181.37
2026-09-29T22:13:07.882410+00:00,2026-09-30,14,2026-09-30 05:30:00+00:00,177.81195863218528,189.34
2026-09-29T22:13:07.882410+00:00,2026-09-30,15,2026-09-30 06:00:00+00:00,173.1781172647792,183.6
2026-09-29T22:13:07.882410+00:00,2026-09-30,16,2026-09-30 06:30:00+00:00,175.79202578840486,190.71
2026-09-29T22:13:07.882410+00:00,2026-09-30,17,2026-09-30 07:00:00+00:00,165.64072528704494,183.04
2026-09-29T22:13:07.882410+00:00,2026-09-30,18,2026-09-30 07:30:00+00:00,160.55936617618602,177.55
2026-09-29T22:13:07.882410+00:00,2026-09-30,19,2026-09-30 08:00:00+00:00,146.19138993141044,163.58
2026-09-29T22:13:07.882410+00:00,2026-09-30,20,2026-09-30 08:30:00+00:00,137.63701916806897,152.98
2026-09-29T22:13:07.882410+00:00,2026-09-30,21,2026-09-30 09:00:00+00:00,130.27868293118368,145.82
2026-09-29T22:13:07.882410+00:00,2026-09-30,22,2026-09-30 09:30:00+00:00,125.07682425663675,140.8
2026-09-29T22:13:07.882410+00:00,2026-09-30,23,2026-09-30 10:00:00+00:00,116.88629066441003,131.65
2026-09-29T22:13:07.882410+00:00,2026-09-30,24,2026-09-30 10:30:00+00:00,113.74737731674898,131.87
2026-09-29T22:13:07.882410+00:00,2026-09-30,25,2026-09-30 11:00:00+00:00,111.5242778602888,128.55
2026-09-29T22:13:07.882410+00:00,2026-09-30,26,2026-09-30 11:30:00+00:00,110.64183349107583,131.45
2026-09-29T22:13:07.882410+00:00,2026-09-30,27,2026-09-30 12:00:00+00:00,110.6930468060209,128.83
2026-09-29T22:13:07.882410+00:00,2026-09-30,28,2026-09-30 12:30:00+00:00,109.92593248391728,131.85
2026-09-29T22:13:07.882410+00:00,2026-09-30,29,2026-09-30 13:00:00+00:00,111.86887610850613,130.03
2026-09-29T22:13:07.882410+00:00,2026-09-30,30,2026-09-30 13:30:00+00:00,114.72339360575745,131.91
2026-09-29T22:13:07.882410+00:00,2026-09-30,31,2026-09-30 14:00:00+00:00,123.88447006913763,141.25
2026-09-29T22:13:07.882410+00:00,2026-09-30,32,2026-09-30 14:30:00+00:00,132.68370094689126,139.93
2026-09-29T22:13:07.882410+00:00,2026-09-30,33,2026-09-30 15:00:00+00:00,150.74402266583388,189.18
2026-09-29T22:13:07.882410+00:00,2026-09-30,34,2026-09-30 15:30:00+00:00,166.42498539822333,203.34
2026-09-29T22:13:07.882410+00:00,2026-09-30,35,2026-09-30 16:00:00+00:00,196.8797968229158,237.99
2026-09-29T22:13:07.882410+00:00,2026-09-30,36,2026-09-30 16:30:00+00:00,204.62382695838855,249.78
2026-09-29T22:13:07.882410+00:00,2026-09-30,37,2026-09-30 17:00:00+00:00,213.80224208317887,267.55
2026-09-29T22:13:07.882410+00:00,2026-09-30,38,2026-09-30 17:30:00+00:00,216.44776355381163,267.79
2026-09-29T22:13:07.882410+00:00,2026-09-30,39,2026-09-30 18:00:00+00:00,215.3919320529747,210.36
2026-09-29T22:13:07.882410+00:00,2026-09-30,40,2026-09-30 18:30:00+00:00,213.8408176771032,202.71
2026-09-29T22:13:07.882410+00:00,2026-09-30,41,2026-09-30 19:00:00+00:00,207.8553465138844,178.06
2026-09-29T22:13:07.882410+00:00,2026-09-30,42,2026-09-30 19:30:00+00:00,202.208853152863,172.01
2026-09-29T22:13:07.882410+00:00,2026-09-30,43,2026-09-30 20:00:00+00:00,194.72566753175295,165.48
2026-09-29T22:13:07.882410+00:00,2026-09-30,44,2026-09-30 20:30:00+00:00,185.60635767027847,161.51
2026-09-29T22:13:07.882410+00:00,2026-09-30,45,2026-09-30 21:00:00+00:00,179.26804089900955,154.61
2026-09-29T22:13:07.882410+00:00,2026-09-30,46,2026-09-30 21:30:00+00:00,172.541370265103,155.22
2026-09-29T22:13:07.882410+00:00,2026-09-30,47,2026-09-30 22:00:00+00:00,161.8860006217617,152.92
2026-09-29T22:13:07.882410+00:00,2026-09-30,48,2026-09-30 22:30:00+00:00,157.49876859913795,158.97
