product,margin_bin,quantity_bin,orders,accepted_fraction_sum,sample_class,source_month
DCH,-0.5:0,10:25,1,0.0,standalone_parent,202604
DCH,-0.5:0,>25,5,4.0,standalone_parent,202604
DCH,-10:-5,>25,4,3.0,standalone_parent,202604
DCH,-1:-0.5,10:25,2,0.0,standalone_parent,202604
DCH,-1:-0.5,>25,1,0.0,standalone_parent,202604
DCH,-2:-1,10:25,1,0.0,standalone_parent,202604
DCH,-2:-1,5:10,1,0.0,standalone_parent,202604
DCH,-2:-1,>25,9,5.0,standalone_parent,202604
DCH,-5:-2,>25,7,4.0,standalone_parent,202604
DCH,0.5:1,>25,2,0.0,standalone_parent,202604
DCH,0:0.5,10:25,1,0.0,standalone_parent,202604
DCH,0:0.5,5:10,1,1.0,standalone_parent,202604
DCH,0:0.5,>25,4,2.0,standalone_parent,202604
DCH,1:2,5:10,9,0.0,standalone_parent,202604
DCH,2:5,5:10,5,1.0,standalone_parent,202604
DCH,2:5,>25,2,0.0,standalone_parent,202604
DCL,-0.5:0,0:1,24,15.0,standalone_parent,202604
DCL,-0.5:0,5:10,1,0.0,standalone_parent,202604
DCL,-0.5:0,>25,3,0.0,standalone_parent,202604
DCL,-10:-5,0:1,10,9.0,standalone_parent,202604
DCL,-1:-0.5,0:1,27,22.0,standalone_parent,202604
DCL,-2:-1,0:1,34,27.0,standalone_parent,202604
DCL,-2:-1,>25,2,0.0,standalone_parent,202604
DCL,-5:-2,0:1,37,36.0,standalone_parent,202604
DCL,-5:-2,10:25,2,0.0,standalone_parent,202604
DCL,-5:-2,1:5,1,0.0,standalone_parent,202604
DCL,-5:-2,>25,2,0.0,standalone_parent,202604
DCL,0.5:1,0:1,18,8.0,standalone_parent,202604
DCL,0.5:1,>25,3,0.0,standalone_parent,202604
DCL,0:0.5,0:1,20,10.0,standalone_parent,202604
DCL,0:0.5,5:10,1,0.0,standalone_parent,202604
DCL,0:0.5,>25,1,0.0,standalone_parent,202604
DCL,1:2,0:1,9,5.0,standalone_parent,202604
DCL,1:2,>25,5,0.0,standalone_parent,202604
DCL,2:5,0:1,1,0.0,standalone_parent,202604
DCL,2:5,>25,11,0.0,standalone_parent,202604
DMH,-0.5:0,1:5,1,0.0,standalone_parent,202604
DMH,-0.5:0,5:10,1,1.0,standalone_parent,202604
DMH,-0.5:0,>25,6,3.0,standalone_parent,202604
DMH,-10:-5,5:10,3,1.0,standalone_parent,202604
DMH,-10:-5,>25,4,3.0,standalone_parent,202604
DMH,-1:-0.5,10:25,2,0.0,standalone_parent,202604
DMH,-1:-0.5,5:10,3,1.0,standalone_parent,202604
DMH,-1:-0.5,>25,7,3.0,standalone_parent,202604
DMH,-2:-1,5:10,4,0.0,standalone_parent,202604
DMH,-2:-1,>25,5,1.0,standalone_parent,202604
DMH,-5:-2,10:25,1,1.0,standalone_parent,202604
DMH,-5:-2,1:5,2,0.0,standalone_parent,202604
DMH,-5:-2,5:10,9,5.0,standalone_parent,202604
DMH,-5:-2,>25,8,5.0,standalone_parent,202604
DMH,0.5:1,10:25,1,0.0,standalone_parent,202604
DMH,0.5:1,5:10,7,0.0,standalone_parent,202604
DMH,0.5:1,>25,6,1.0,standalone_parent,202604
DMH,0:0.5,5:10,3,0.0,standalone_parent,202604
DMH,0:0.5,>25,3,0.0,standalone_parent,202604
DMH,1:2,10:25,1,1.0,standalone_parent,202604
DMH,1:2,1:5,2,0.0,standalone_parent,202604
DMH,1:2,5:10,12,4.0,standalone_parent,202604
DMH,1:2,>25,15,6.0,standalone_parent,202604
DMH,2:5,1:5,1,0.0,standalone_parent,202604
DMH,2:5,5:10,15,3.0,standalone_parent,202604
DMH,2:5,>25,11,9.0,standalone_parent,202604
DMH,<-10,5:10,2,0.0,standalone_parent,202604
DMH,<-10,>25,2,0.0,standalone_parent,202604
DMH,>5,1:5,1,0.0,standalone_parent,202604
DMH,>5,5:10,2,1.0,standalone_parent,202604
DML,-0.5:0,10:25,20,0.0,standalone_parent,202604
DML,-0.5:0,5:10,8,0.0,standalone_parent,202604
DML,-0.5:0,>25,21,0.0,standalone_parent,202604
DML,-10:-5,0:1,1,0.0,standalone_parent,202604
DML,-10:-5,10:25,36,0.0,standalone_parent,202604
DML,-10:-5,5:10,10,0.0,standalone_parent,202604
DML,-10:-5,>25,25,2.0,standalone_parent,202604
DML,-1:-0.5,10:25,12,0.0,standalone_parent,202604
DML,-1:-0.5,5:10,7,0.0,standalone_parent,202604
DML,-1:-0.5,>25,19,0.0,standalone_parent,202604
DML,-2:-1,10:25,44,0.0,standalone_parent,202604
DML,-2:-1,5:10,11,0.0,standalone_parent,202604
DML,-2:-1,>25,26,0.0,standalone_parent,202604
DML,-5:-2,10:25,87,0.0,standalone_parent,202604
DML,-5:-2,5:10,25,0.0,standalone_parent,202604
DML,-5:-2,>25,68,4.0,standalone_parent,202604
DML,0.5:1,10:25,23,0.0,standalone_parent,202604
DML,0.5:1,5:10,5,0.0,standalone_parent,202604
DML,0.5:1,>25,19,0.0,standalone_parent,202604
DML,0:0.5,10:25,18,0.0,standalone_parent,202604
DML,0:0.5,5:10,5,0.0,standalone_parent,202604
DML,0:0.5,>25,22,0.0,standalone_parent,202604
DML,1:2,10:25,52,1.0,standalone_parent,202604
DML,1:2,5:10,10,0.0,standalone_parent,202604
DML,1:2,>25,53,0.0,standalone_parent,202604
DML,2:5,10:25,90,0.0,standalone_parent,202604
DML,2:5,5:10,14,1.0,standalone_parent,202604
DML,2:5,>25,123,0.0,standalone_parent,202604
DML,<-10,10:25,1,1.0,standalone_parent,202604
DML,<-10,5:10,3,3.0,standalone_parent,202604
DML,>5,10:25,426,0.0,standalone_parent,202604
DML,>5,1:5,1,0.0,standalone_parent,202604
DML,>5,5:10,13,0.0,standalone_parent,202604
DML,>5,>25,282,0.0,standalone_parent,202604
DRH,-0.5:0,10:25,27,7.0,standalone_parent,202604
DRH,-0.5:0,1:5,2,0.0,standalone_parent,202604
DRH,-0.5:0,5:10,22,7.0,standalone_parent,202604
DRH,-0.5:0,>25,56,4.0,standalone_parent,202604
DRH,-10:-5,10:25,133,98.0,standalone_parent,202604
DRH,-10:-5,1:5,5,1.0,standalone_parent,202604
DRH,-10:-5,5:10,75,49.0,standalone_parent,202604
DRH,-10:-5,>25,48,13.0,standalone_parent,202604
DRH,-1:-0.5,10:25,31,10.0,standalone_parent,202604
DRH,-1:-0.5,1:5,1,0.0,standalone_parent,202604
DRH,-1:-0.5,5:10,21,9.0,standalone_parent,202604
DRH,-1:-0.5,>25,21,2.0,standalone_parent,202604
DRH,-2:-1,10:25,58,26.0,standalone_parent,202604
DRH,-2:-1,1:5,3,0.0,standalone_parent,202604
DRH,-2:-1,5:10,29,14.0,standalone_parent,202604
DRH,-2:-1,>25,79,13.0,standalone_parent,202604
DRH,-5:-2,0:1,1,0.0,standalone_parent,202604
DRH,-5:-2,10:25,122,79.0,standalone_parent,202604
DRH,-5:-2,1:5,3,1.0,standalone_parent,202604
DRH,-5:-2,5:10,70,44.0,standalone_parent,202604
DRH,-5:-2,>25,87,21.0,standalone_parent,202604
DRH,0.5:1,10:25,27,1.0,standalone_parent,202604
DRH,0.5:1,1:5,3,0.0,standalone_parent,202604
DRH,0.5:1,5:10,12,0.0,standalone_parent,202604
DRH,0.5:1,>25,17,3.0,standalone_parent,202604
DRH,0:0.5,10:25,26,1.0,standalone_parent,202604
DRH,0:0.5,1:5,5,1.0,standalone_parent,202604
DRH,0:0.5,5:10,14,5.0,standalone_parent,202604
DRH,0:0.5,>25,40,4.0,standalone_parent,202604
DRH,1:2,10:25,41,6.0,standalone_parent,202604
DRH,1:2,1:5,1,0.0,standalone_parent,202604
DRH,1:2,5:10,32,1.0,standalone_parent,202604
DRH,1:2,>25,44,2.0,standalone_parent,202604
DRH,2:5,10:25,87,5.0,standalone_parent,202604
DRH,2:5,1:5,7,0.0,standalone_parent,202604
DRH,2:5,5:10,37,4.0,standalone_parent,202604
DRH,2:5,>25,132,7.0,standalone_parent,202604
DRH,<-10,0:1,1,1.0,standalone_parent,202604
DRH,<-10,10:25,119,90.0,standalone_parent,202604
DRH,<-10,1:5,7,0.0,standalone_parent,202604
DRH,<-10,5:10,74,49.0,standalone_parent,202604
DRH,<-10,>25,39,10.0,standalone_parent,202604
DRH,>5,10:25,251,2.0,standalone_parent,202604
DRH,>5,1:5,19,0.0,standalone_parent,202604
DRH,>5,5:10,92,2.0,standalone_parent,202604
DRH,>5,>25,303,5.0,standalone_parent,202604
DRL,-0.5:0,10:25,14,3.0,standalone_parent,202604
DRL,-0.5:0,5:10,5,0.0,standalone_parent,202604
DRL,-0.5:0,>25,17,1.0,standalone_parent,202604
DRL,-10:-5,10:25,286,127.0,standalone_parent,202604
DRL,-10:-5,1:5,1,0.0,standalone_parent,202604
DRL,-10:-5,5:10,269,75.0,standalone_parent,202604
DRL,-10:-5,>25,304,145.0,standalone_parent,202604
DRL,-1:-0.5,10:25,13,3.0,standalone_parent,202604
DRL,-1:-0.5,1:5,1,1.0,standalone_parent,202604
DRL,-1:-0.5,5:10,5,1.0,standalone_parent,202604
DRL,-1:-0.5,>25,17,2.0,standalone_parent,202604
DRL,-2:-1,10:25,34,8.0,standalone_parent,202604
DRL,-2:-1,1:5,1,0.0,standalone_parent,202604
DRL,-2:-1,5:10,25,5.0,standalone_parent,202604
DRL,-2:-1,>25,41,10.0,standalone_parent,202604
DRL,-5:-2,10:25,129,27.0,standalone_parent,202604
DRL,-5:-2,1:5,3,1.0,standalone_parent,202604
DRL,-5:-2,5:10,80,20.0,standalone_parent,202604
DRL,-5:-2,>25,133,53.0,standalone_parent,202604
DRL,0.5:1,10:25,13,3.0,standalone_parent,202604
DRL,0.5:1,1:5,1,0.0,standalone_parent,202604
DRL,0.5:1,5:10,12,3.0,standalone_parent,202604
DRL,0.5:1,>25,26,7.0,standalone_parent,202604
DRL,0:0.5,10:25,19,0.0,standalone_parent,202604
DRL,0:0.5,5:10,14,1.0,standalone_parent,202604
DRL,0:0.5,>25,18,6.0,standalone_parent,202604
DRL,1:2,0:1,1,0.0,standalone_parent,202604
DRL,1:2,10:25,32,8.0,standalone_parent,202604
DRL,1:2,1:5,4,0.0,standalone_parent,202604
DRL,1:2,5:10,24,4.0,standalone_parent,202604
DRL,1:2,>25,33,5.0,standalone_parent,202604
DRL,2:5,10:25,99,11.0,standalone_parent,202604
DRL,2:5,1:5,2,0.0,standalone_parent,202604
DRL,2:5,5:10,54,9.0,standalone_parent,202604
DRL,2:5,>25,125,11.0,standalone_parent,202604
DRL,<-10,10:25,466,232.0,standalone_parent,202604
DRL,<-10,1:5,1,1.0,standalone_parent,202604
DRL,<-10,5:10,498,193.0,standalone_parent,202604
DRL,<-10,>25,489,272.0,standalone_parent,202604
DRL,>5,0:1,2,0.0,standalone_parent,202604
DRL,>5,10:25,450,16.0,standalone_parent,202604
DRL,>5,1:5,24,1.0,standalone_parent,202604
DRL,>5,5:10,174,9.0,standalone_parent,202604
DRL,>5,>25,382,6.0,standalone_parent,202604
NQR,-0.5:0,0:1,7,5.0,standalone_parent,202604
NQR,-0.5:0,10:25,707,308.0,standalone_parent,202604
NQR,-0.5:0,1:5,69,9.0,standalone_parent,202604
NQR,-0.5:0,5:10,125,11.0,standalone_parent,202604
NQR,-0.5:0,>25,342,153.0,standalone_parent,202604
NQR,-10:-5,0:1,16,9.0,standalone_parent,202604
NQR,-10:-5,10:25,313,151.0,standalone_parent,202604
NQR,-10:-5,1:5,50,5.0,standalone_parent,202604
NQR,-10:-5,5:10,123,32.0,standalone_parent,202604
NQR,-10:-5,>25,113,49.0,standalone_parent,202604
NQR,-1:-0.5,0:1,2,2.0,standalone_parent,202604
NQR,-1:-0.5,10:25,203,115.0,standalone_parent,202604
NQR,-1:-0.5,1:5,41,14.0,standalone_parent,202604
NQR,-1:-0.5,5:10,65,29.0,standalone_parent,202604
NQR,-1:-0.5,>25,117,54.0,standalone_parent,202604
NQR,-2:-1,0:1,5,3.0,standalone_parent,202604
NQR,-2:-1,10:25,268,112.0,standalone_parent,202604
NQR,-2:-1,1:5,46,3.0,standalone_parent,202604
NQR,-2:-1,5:10,97,29.0,standalone_parent,202604
NQR,-2:-1,>25,88,30.0,standalone_parent,202604
NQR,-5:-2,0:1,17,6.0,standalone_parent,202604
NQR,-5:-2,10:25,318,111.0,standalone_parent,202604
NQR,-5:-2,1:5,73,8.0,standalone_parent,202604
NQR,-5:-2,5:10,90,22.0,standalone_parent,202604
NQR,-5:-2,>25,215,66.0,standalone_parent,202604
NQR,0.5:1,0:1,2,0.0,standalone_parent,202604
NQR,0.5:1,10:25,371,113.0,standalone_parent,202604
NQR,0.5:1,1:5,61,3.0,standalone_parent,202604
NQR,0.5:1,5:10,65,4.0,standalone_parent,202604
NQR,0.5:1,>25,309,120.0,standalone_parent,202604
NQR,0:0.5,0:1,6,5.0,standalone_parent,202604
NQR,0:0.5,10:25,219,108.0,standalone_parent,202604
NQR,0:0.5,1:5,33,4.0,standalone_parent,202604
NQR,0:0.5,5:10,55,6.0,standalone_parent,202604
NQR,0:0.5,>25,189,78.0,standalone_parent,202604
NQR,1:2,0:1,6,3.0,standalone_parent,202604
NQR,1:2,10:25,198,60.0,standalone_parent,202604
NQR,1:2,1:5,50,1.0,standalone_parent,202604
NQR,1:2,5:10,65,6.0,standalone_parent,202604
NQR,1:2,>25,274,50.0,standalone_parent,202604
NQR,2:5,0:1,37,7.0,standalone_parent,202604
NQR,2:5,10:25,1450,73.0,standalone_parent,202604
NQR,2:5,1:5,400,0.0,standalone_parent,202604
NQR,2:5,5:10,674,11.0,standalone_parent,202604
NQR,2:5,>25,830,21.0,standalone_parent,202604
NQR,<-10,0:1,8,5.0,standalone_parent,202604
NQR,<-10,10:25,172,101.0,standalone_parent,202604
NQR,<-10,1:5,37,15.0,standalone_parent,202604
NQR,<-10,5:10,73,35.0,standalone_parent,202604
NQR,<-10,>25,61,29.0,standalone_parent,202604
NQR,>5,0:1,110,7.0,standalone_parent,202604
NQR,>5,10:25,6798,55.0,standalone_parent,202604
NQR,>5,1:5,2596,1.0,standalone_parent,202604
NQR,>5,5:10,4649,14.0,standalone_parent,202604
NQR,>5,>25,2615,8.0,standalone_parent,202604
NSR,-0.5:0,10:25,4,4.0,standalone_parent,202604
NSR,-0.5:0,>25,4,4.0,standalone_parent,202604
NSR,-10:-5,10:25,13,0.0,standalone_parent,202604
NSR,-10:-5,5:10,13,0.0,standalone_parent,202604
NSR,-2:-1,>25,2,2.0,standalone_parent,202604
NSR,-5:-2,10:25,4,4.0,standalone_parent,202604
NSR,-5:-2,>25,2,2.0,standalone_parent,202604
NSR,0:0.5,10:25,736,0.0,standalone_parent,202604
NSR,0:0.5,5:10,560,0.0,standalone_parent,202604
NSR,2:5,10:25,2,0.0,standalone_parent,202604
NSR,2:5,>25,1,0.0,standalone_parent,202604
NSR,<-10,10:25,3,0.0,standalone_parent,202604
NSR,<-10,5:10,3,0.0,standalone_parent,202604
NSR,>5,10:25,2110,0.0,standalone_parent,202604
NSR,>5,>25,1103,0.0,standalone_parent,202604
PBR,-0.5:0,0:1,142,81.0,standalone_parent,202604
PBR,-0.5:0,10:25,460,277.0,standalone_parent,202604
PBR,-0.5:0,1:5,123,48.0,standalone_parent,202604
PBR,-0.5:0,5:10,501,252.0,standalone_parent,202604
PBR,-10:-5,0:1,182,156.0,standalone_parent,202604
PBR,-10:-5,10:25,728,416.0,standalone_parent,202604
PBR,-10:-5,1:5,72,28.0,standalone_parent,202604
PBR,-10:-5,5:10,344,184.0,standalone_parent,202604
PBR,-1:-0.5,0:1,30,20.0,standalone_parent,202604
PBR,-1:-0.5,10:25,459,317.0,standalone_parent,202604
PBR,-1:-0.5,1:5,157,85.0,standalone_parent,202604
PBR,-1:-0.5,5:10,429,245.0,standalone_parent,202604
PBR,-2:-1,0:1,235,175.0,standalone_parent,202604
PBR,-2:-1,10:25,1536,1066.0,standalone_parent,202604
PBR,-2:-1,1:5,281,177.0,standalone_parent,202604
PBR,-2:-1,5:10,904,504.0,standalone_parent,202604
PBR,-5:-2,0:1,737,608.0,standalone_parent,202604
PBR,-5:-2,10:25,2107,1266.0,standalone_parent,202604
PBR,-5:-2,1:5,196,120.0,standalone_parent,202604
PBR,-5:-2,5:10,1009,675.0,standalone_parent,202604
PBR,0.5:1,10:25,168,29.0,standalone_parent,202604
PBR,0.5:1,1:5,88,11.0,standalone_parent,202604
PBR,0.5:1,5:10,333,38.0,standalone_parent,202604
PBR,0:0.5,0:1,115,5.0,standalone_parent,202604
PBR,0:0.5,10:25,540,129.0,standalone_parent,202604
PBR,0:0.5,1:5,167,27.0,standalone_parent,202604
PBR,0:0.5,5:10,634,111.0,standalone_parent,202604
PBR,1:2,10:25,85,9.0,standalone_parent,202604
PBR,1:2,1:5,154,14.0,standalone_parent,202604
PBR,1:2,5:10,412,55.0,standalone_parent,202604
PBR,2:5,10:25,17,0.0,standalone_parent,202604
PBR,2:5,1:5,122,19.0,standalone_parent,202604
PBR,2:5,5:10,597,63.0,standalone_parent,202604
PBR,<-10,0:1,118,99.0,standalone_parent,202604
PBR,<-10,10:25,507,330.0,standalone_parent,202604
PBR,<-10,1:5,54,24.0,standalone_parent,202604
PBR,<-10,5:10,228,137.0,standalone_parent,202604
PBR,>5,1:5,9,0.0,standalone_parent,202604
PBR,>5,5:10,206,29.0,standalone_parent,202604
PQR,-0.5:0,0:1,178,94.0,standalone_parent,202604
PQR,-0.5:0,10:25,702,171.0,standalone_parent,202604
PQR,-0.5:0,1:5,247,93.0,standalone_parent,202604
PQR,-0.5:0,5:10,469,135.0,standalone_parent,202604
PQR,-0.5:0,>25,248,129.0,standalone_parent,202604
PQR,-10:-5,0:1,566,550.0,standalone_parent,202604
PQR,-10:-5,10:25,1552,948.0,standalone_parent,202604
PQR,-10:-5,1:5,645,553.0,standalone_parent,202604
PQR,-10:-5,5:10,892,552.0,standalone_parent,202604
PQR,-10:-5,>25,224,127.0,standalone_parent,202604
PQR,-1:-0.5,0:1,370,291.0,standalone_parent,202604
PQR,-1:-0.5,10:25,466,94.0,standalone_parent,202604
PQR,-1:-0.5,1:5,340,214.0,standalone_parent,202604
PQR,-1:-0.5,5:10,414,104.0,standalone_parent,202604
PQR,-1:-0.5,>25,108,37.0,standalone_parent,202604
PQR,-2:-1,0:1,229,176.0,standalone_parent,202604
PQR,-2:-1,10:25,600,277.0,standalone_parent,202604
PQR,-2:-1,1:5,319,200.0,standalone_parent,202604
PQR,-2:-1,5:10,553,215.0,standalone_parent,202604
PQR,-2:-1,>25,222,113.0,standalone_parent,202604
PQR,-5:-2,0:1,465,382.0,standalone_parent,202604
PQR,-5:-2,10:25,1491,623.0,standalone_parent,202604
PQR,-5:-2,1:5,634,429.0,standalone_parent,202604
PQR,-5:-2,5:10,1153,539.0,standalone_parent,202604
PQR,-5:-2,>25,335,144.0,standalone_parent,202604
PQR,0.5:1,0:1,5,2.0,standalone_parent,202604
PQR,0.5:1,10:25,904,94.0,standalone_parent,202604
PQR,0.5:1,1:5,227,22.0,standalone_parent,202604
PQR,0.5:1,5:10,590,77.0,standalone_parent,202604
PQR,0.5:1,>25,253,67.0,standalone_parent,202604
PQR,0:0.5,0:1,467,189.0,standalone_parent,202604
PQR,0:0.5,10:25,728,106.0,standalone_parent,202604
PQR,0:0.5,1:5,481,151.0,standalone_parent,202604
PQR,0:0.5,5:10,729,124.0,standalone_parent,202604
PQR,0:0.5,>25,150,52.0,standalone_parent,202604
PQR,1:2,0:1,9,3.0,standalone_parent,202604
PQR,1:2,10:25,770,38.0,standalone_parent,202604
PQR,1:2,1:5,216,28.0,standalone_parent,202604
PQR,1:2,5:10,785,99.0,standalone_parent,202604
PQR,1:2,>25,298,46.0,standalone_parent,202604
PQR,2:5,0:1,36,5.0,standalone_parent,202604
PQR,2:5,10:25,1471,66.0,standalone_parent,202604
PQR,2:5,1:5,625,23.0,standalone_parent,202604
PQR,2:5,5:10,1547,117.0,standalone_parent,202604
PQR,2:5,>25,854,4.0,standalone_parent,202604
PQR,<-10,0:1,359,357.0,standalone_parent,202604
PQR,<-10,10:25,816,496.0,standalone_parent,202604
PQR,<-10,1:5,287,249.0,standalone_parent,202604
PQR,<-10,5:10,270,131.0,standalone_parent,202604
PQR,<-10,>25,77,49.0,standalone_parent,202604
PQR,>5,0:1,134,2.0,standalone_parent,202604
PQR,>5,10:25,6420,49.0,standalone_parent,202604
PQR,>5,1:5,2443,2.0,standalone_parent,202604
PQR,>5,5:10,4771,20.0,standalone_parent,202604
PQR,>5,>25,2517,5.0,standalone_parent,202604
PSR,-0.5:0,10:25,4616,2581.0,standalone_parent,202604
PSR,-0.5:0,1:5,221,156.0,standalone_parent,202604
PSR,-0.5:0,5:10,679,332.0,standalone_parent,202604
PSR,-0.5:0,>25,989,551.0,standalone_parent,202604
PSR,-10:-5,0:1,27,24.0,standalone_parent,202604
PSR,-10:-5,10:25,19955,10812.0,standalone_parent,202604
PSR,-10:-5,1:5,609,464.0,standalone_parent,202604
PSR,-10:-5,5:10,1337,733.0,standalone_parent,202604
PSR,-10:-5,>25,5295,4236.0,standalone_parent,202604
PSR,-1:-0.5,0:1,15,15.0,standalone_parent,202604
PSR,-1:-0.5,10:25,5151,3427.0,standalone_parent,202604
PSR,-1:-0.5,1:5,224,163.0,standalone_parent,202604
PSR,-1:-0.5,5:10,654,326.0,standalone_parent,202604
PSR,-1:-0.5,>25,682,493.0,standalone_parent,202604
PSR,-2:-1,0:1,13,13.0,standalone_parent,202604
PSR,-2:-1,10:25,11247,7332.0,standalone_parent,202604
PSR,-2:-1,1:5,652,573.0,standalone_parent,202604
PSR,-2:-1,5:10,1775,984.0,standalone_parent,202604
PSR,-2:-1,>25,2044,1549.0,standalone_parent,202604
PSR,-5:-2,0:1,57,52.0,standalone_parent,202604
PSR,-5:-2,10:25,40443,22461.0,standalone_parent,202604
PSR,-5:-2,1:5,1463,1251.0,standalone_parent,202604
PSR,-5:-2,5:10,3995,2418.0,standalone_parent,202604
PSR,-5:-2,>25,9951,7790.0,standalone_parent,202604
PSR,0.5:1,10:25,2643,823.0,standalone_parent,202604
PSR,0.5:1,1:5,57,23.0,standalone_parent,202604
PSR,0.5:1,5:10,358,87.0,standalone_parent,202604
PSR,0.5:1,>25,659,258.0,standalone_parent,202604
PSR,0:0.5,0:1,5,4.0,standalone_parent,202604
PSR,0:0.5,10:25,3659,1533.0,standalone_parent,202604
PSR,0:0.5,1:5,119,76.0,standalone_parent,202604
PSR,0:0.5,5:10,508,180.0,standalone_parent,202604
PSR,0:0.5,>25,592,377.0,standalone_parent,202604
PSR,1:2,0:1,37,31.0,standalone_parent,202604
PSR,1:2,10:25,2771,734.0,standalone_parent,202604
PSR,1:2,1:5,72,39.0,standalone_parent,202604
PSR,1:2,5:10,324,56.0,standalone_parent,202604
PSR,1:2,>25,918,201.0,standalone_parent,202604
PSR,2:5,0:1,1,0.0,standalone_parent,202604
PSR,2:5,10:25,3399,431.0,standalone_parent,202604
PSR,2:5,1:5,143,47.0,standalone_parent,202604
PSR,2:5,5:10,384,53.0,standalone_parent,202604
PSR,2:5,>25,2255,168.0,standalone_parent,202604
PSR,<-10,10:25,1325,833.0,standalone_parent,202604
PSR,<-10,1:5,56,48.0,standalone_parent,202604
PSR,<-10,5:10,72,43.0,standalone_parent,202604
PSR,<-10,>25,399,322.0,standalone_parent,202604
PSR,>5,0:1,9,0.0,standalone_parent,202604
PSR,>5,10:25,2758,29.0,standalone_parent,202604
PSR,>5,1:5,417,16.0,standalone_parent,202604
PSR,>5,5:10,983,22.0,standalone_parent,202604
PSR,>5,>25,1716,4.0,standalone_parent,202604
DCH,-0.5:0,0:1,26,4.0,nonlooped_parent,202604
DCH,-0.5:0,10:25,422,171.0,nonlooped_parent,202604
DCH,-0.5:0,1:5,149,91.0,nonlooped_parent,202604
DCH,-0.5:0,5:10,118,58.0,nonlooped_parent,202604
DCH,-0.5:0,>25,516,199.0,nonlooped_parent,202604
DCH,-10:-5,0:1,9,2.0,nonlooped_parent,202604
DCH,-10:-5,10:25,156,99.0,nonlooped_parent,202604
DCH,-10:-5,1:5,43,29.0,nonlooped_parent,202604
DCH,-10:-5,5:10,39,23.0,nonlooped_parent,202604
DCH,-10:-5,>25,178,98.0,nonlooped_parent,202604
DCH,-1:-0.5,0:1,23,4.0,nonlooped_parent,202604
DCH,-1:-0.5,10:25,445,227.0,nonlooped_parent,202604
DCH,-1:-0.5,1:5,132,84.0,nonlooped_parent,202604
DCH,-1:-0.5,5:10,114,70.0,nonlooped_parent,202604
DCH,-1:-0.5,>25,458,210.0,nonlooped_parent,202604
DCH,-2:-1,0:1,28,6.0,nonlooped_parent,202604
DCH,-2:-1,10:25,454,242.0,nonlooped_parent,202604
DCH,-2:-1,1:5,188,111.0,nonlooped_parent,202604
DCH,-2:-1,5:10,139,85.0,nonlooped_parent,202604
DCH,-2:-1,>25,539,272.0,nonlooped_parent,202604
DCH,-5:-2,0:1,33,6.0,nonlooped_parent,202604
DCH,-5:-2,10:25,528,333.0,nonlooped_parent,202604
DCH,-5:-2,1:5,193,127.0,nonlooped_parent,202604
DCH,-5:-2,5:10,173,113.0,nonlooped_parent,202604
DCH,-5:-2,>25,569,317.0,nonlooped_parent,202604
DCH,0.5:1,0:1,40,6.0,nonlooped_parent,202604
DCH,0.5:1,10:25,496,193.0,nonlooped_parent,202604
DCH,0.5:1,1:5,132,54.0,nonlooped_parent,202604
DCH,0.5:1,5:10,156,58.0,nonlooped_parent,202604
DCH,0.5:1,>25,605,210.0,nonlooped_parent,202604
DCH,0:0.5,0:1,38,10.0,nonlooped_parent,202604
DCH,0:0.5,10:25,562,290.0,nonlooped_parent,202604
DCH,0:0.5,1:5,157,90.0,nonlooped_parent,202604
DCH,0:0.5,5:10,144,63.0,nonlooped_parent,202604
DCH,0:0.5,>25,646,297.0,nonlooped_parent,202604
DCH,1:2,0:1,107,12.0,nonlooped_parent,202604
DCH,1:2,10:25,918,338.0,nonlooped_parent,202604
DCH,1:2,1:5,229,69.0,nonlooped_parent,202604
DCH,1:2,5:10,275,93.0,nonlooped_parent,202604
DCH,1:2,>25,944,250.0,nonlooped_parent,202604
DCH,2:5,0:1,422,31.0,nonlooped_parent,202604
DCH,2:5,10:25,1078,229.0,nonlooped_parent,202604
DCH,2:5,1:5,492,141.0,nonlooped_parent,202604
DCH,2:5,5:10,447,165.0,nonlooped_parent,202604
DCH,2:5,>25,952,101.0,nonlooped_parent,202604
DCH,<-10,10:25,1,0.0,nonlooped_parent,202604
DCH,>5,0:1,392,1.0,nonlooped_parent,202604
DCH,>5,10:25,781,69.0,nonlooped_parent,202604
DCH,>5,1:5,208,47.0,nonlooped_parent,202604
DCH,>5,5:10,256,49.0,nonlooped_parent,202604
DCH,>5,>25,316,15.0,nonlooped_parent,202604
DCL,-0.5:0,0:1,28,15.0,nonlooped_parent,202604
DCL,-0.5:0,10:25,569,240.0,nonlooped_parent,202604
DCL,-0.5:0,1:5,41,33.0,nonlooped_parent,202604
DCL,-0.5:0,5:10,131,59.0,nonlooped_parent,202604
DCL,-0.5:0,>25,647,291.0,nonlooped_parent,202604
DCL,-10:-5,0:1,12,9.0,nonlooped_parent,202604
DCL,-10:-5,10:25,466,115.0,nonlooped_parent,202604
DCL,-10:-5,1:5,65,42.0,nonlooped_parent,202604
DCL,-10:-5,5:10,146,47.0,nonlooped_parent,202604
DCL,-10:-5,>25,671,181.0,nonlooped_parent,202604
DCL,-1:-0.5,0:1,30,22.0,nonlooped_parent,202604
DCL,-1:-0.5,10:25,530,237.0,nonlooped_parent,202604
DCL,-1:-0.5,1:5,75,71.0,nonlooped_parent,202604
DCL,-1:-0.5,5:10,135,64.0,nonlooped_parent,202604
DCL,-1:-0.5,>25,646,293.0,nonlooped_parent,202604
DCL,-2:-1,0:1,43,31.0,nonlooped_parent,202604
DCL,-2:-1,10:25,874,376.0,nonlooped_parent,202604
DCL,-2:-1,1:5,131,116.0,nonlooped_parent,202604
DCL,-2:-1,5:10,218,130.0,nonlooped_parent,202604
DCL,-2:-1,>25,1045,507.0,nonlooped_parent,202604
DCL,-5:-2,0:1,52,46.0,nonlooped_parent,202604
DCL,-5:-2,10:25,1237,493.0,nonlooped_parent,202604
DCL,-5:-2,1:5,203,173.0,nonlooped_parent,202604
DCL,-5:-2,5:10,302,190.0,nonlooped_parent,202604
DCL,-5:-2,>25,1541,533.0,nonlooped_parent,202604
DCL,0.5:1,0:1,21,9.0,nonlooped_parent,202604
DCL,0.5:1,10:25,353,112.0,nonlooped_parent,202604
DCL,0.5:1,1:5,16,4.0,nonlooped_parent,202604
DCL,0.5:1,5:10,85,13.0,nonlooped_parent,202604
DCL,0.5:1,>25,334,116.0,nonlooped_parent,202604
DCL,0:0.5,0:1,24,11.0,nonlooped_parent,202604
DCL,0:0.5,10:25,450,192.0,nonlooped_parent,202604
DCL,0:0.5,1:5,34,27.0,nonlooped_parent,202604
DCL,0:0.5,5:10,115,34.0,nonlooped_parent,202604
DCL,0:0.5,>25,500,181.0,nonlooped_parent,202604
DCL,1:2,0:1,9,5.0,nonlooped_parent,202604
DCL,1:2,10:25,292,54.0,nonlooped_parent,202604
DCL,1:2,1:5,29,9.0,nonlooped_parent,202604
DCL,1:2,5:10,108,7.0,nonlooped_parent,202604
DCL,1:2,>25,267,51.0,nonlooped_parent,202604
DCL,2:5,0:1,8,0.0,nonlooped_parent,202604
DCL,2:5,10:25,234,17.0,nonlooped_parent,202604
DCL,2:5,1:5,10,0.0,nonlooped_parent,202604
DCL,2:5,5:10,50,4.0,nonlooped_parent,202604
DCL,2:5,>25,164,20.0,nonlooped_parent,202604
DCL,<-10,10:25,93,15.0,nonlooped_parent,202604
DCL,<-10,1:5,7,2.0,nonlooped_parent,202604
DCL,<-10,5:10,14,7.0,nonlooped_parent,202604
DCL,<-10,>25,65,17.0,nonlooped_parent,202604
DCL,>5,0:1,364,0.0,nonlooped_parent,202604
DCL,>5,10:25,451,0.0,nonlooped_parent,202604
DCL,>5,1:5,17,1.0,nonlooped_parent,202604
DCL,>5,5:10,52,0.0,nonlooped_parent,202604
DCL,>5,>25,222,0.0,nonlooped_parent,202604
DMH,-0.5:0,10:25,145,34.0,nonlooped_parent,202604
DMH,-0.5:0,1:5,13,5.0,nonlooped_parent,202604
DMH,-0.5:0,5:10,11,4.0,nonlooped_parent,202604
DMH,-0.5:0,>25,208,66.0,nonlooped_parent,202604
DMH,-10:-5,10:25,92,34.0,nonlooped_parent,202604
DMH,-10:-5,1:5,10,2.0,nonlooped_parent,202604
DMH,-10:-5,5:10,12,3.0,nonlooped_parent,202604
DMH,-10:-5,>25,135,40.0,nonlooped_parent,202604
DMH,-1:-0.5,0:1,1,0.0,nonlooped_parent,202604
DMH,-1:-0.5,10:25,139,32.0,nonlooped_parent,202604
DMH,-1:-0.5,1:5,8,2.0,nonlooped_parent,202604
DMH,-1:-0.5,5:10,12,2.0,nonlooped_parent,202604
DMH,-1:-0.5,>25,183,50.0,nonlooped_parent,202604
DMH,-2:-1,10:25,192,55.0,nonlooped_parent,202604
DMH,-2:-1,1:5,20,9.0,nonlooped_parent,202604
DMH,-2:-1,5:10,29,6.0,nonlooped_parent,202604
DMH,-2:-1,>25,283,76.0,nonlooped_parent,202604
DMH,-5:-2,0:1,6,4.0,nonlooped_parent,202604
DMH,-5:-2,10:25,326,75.0,nonlooped_parent,202604
DMH,-5:-2,1:5,34,13.0,nonlooped_parent,202604
DMH,-5:-2,5:10,52,18.0,nonlooped_parent,202604
DMH,-5:-2,>25,358,110.0,nonlooped_parent,202604
DMH,0.5:1,10:25,169,48.0,nonlooped_parent,202604
DMH,0.5:1,1:5,18,7.0,nonlooped_parent,202604
DMH,0.5:1,5:10,22,3.0,nonlooped_parent,202604
DMH,0.5:1,>25,248,67.0,nonlooped_parent,202604
DMH,0:0.5,0:1,1,0.0,nonlooped_parent,202604
DMH,0:0.5,10:25,129,30.0,nonlooped_parent,202604
DMH,0:0.5,1:5,14,5.0,nonlooped_parent,202604
DMH,0:0.5,5:10,25,6.0,nonlooped_parent,202604
DMH,0:0.5,>25,229,78.0,nonlooped_parent,202604
DMH,1:2,0:1,2,1.0,nonlooped_parent,202604
DMH,1:2,10:25,384,116.0,nonlooped_parent,202604
DMH,1:2,1:5,35,8.0,nonlooped_parent,202604
DMH,1:2,5:10,59,17.0,nonlooped_parent,202604
DMH,1:2,>25,600,175.0,nonlooped_parent,202604
DMH,2:5,0:1,3,2.0,nonlooped_parent,202604
DMH,2:5,10:25,1081,250.0,nonlooped_parent,202604
DMH,2:5,1:5,82,9.0,nonlooped_parent,202604
DMH,2:5,5:10,147,15.0,nonlooped_parent,202604
DMH,2:5,>25,1733,486.0,nonlooped_parent,202604
DMH,<-10,0:1,2,1.0,nonlooped_parent,202604
DMH,<-10,10:25,30,10.0,nonlooped_parent,202604
DMH,<-10,1:5,2,0.0,nonlooped_parent,202604
DMH,<-10,5:10,4,1.0,nonlooped_parent,202604
DMH,<-10,>25,36,5.0,nonlooped_parent,202604
DMH,>5,0:1,1,0.0,nonlooped_parent,202604
DMH,>5,10:25,723,90.0,nonlooped_parent,202604
DMH,>5,1:5,64,7.0,nonlooped_parent,202604
DMH,>5,5:10,103,5.0,nonlooped_parent,202604
DMH,>5,>25,693,130.0,nonlooped_parent,202604
DML,-0.5:0,0:1,43,3.0,nonlooped_parent,202604
DML,-0.5:0,10:25,221,20.0,nonlooped_parent,202604
DML,-0.5:0,1:5,3,1.0,nonlooped_parent,202604
DML,-0.5:0,5:10,47,7.0,nonlooped_parent,202604
DML,-0.5:0,>25,216,39.0,nonlooped_parent,202604
DML,-10:-5,0:1,119,24.0,nonlooped_parent,202604
DML,-10:-5,10:25,1457,273.0,nonlooped_parent,202604
DML,-10:-5,1:5,61,29.0,nonlooped_parent,202604
DML,-10:-5,5:10,286,31.0,nonlooped_parent,202604
DML,-10:-5,>25,2080,438.0,nonlooped_parent,202604
DML,-1:-0.5,0:1,68,3.0,nonlooped_parent,202604
DML,-1:-0.5,10:25,220,25.0,nonlooped_parent,202604
DML,-1:-0.5,5:10,39,1.0,nonlooped_parent,202604
DML,-1:-0.5,>25,250,46.0,nonlooped_parent,202604
DML,-2:-1,0:1,106,6.0,nonlooped_parent,202604
DML,-2:-1,10:25,688,94.0,nonlooped_parent,202604
DML,-2:-1,1:5,8,2.0,nonlooped_parent,202604
DML,-2:-1,5:10,110,8.0,nonlooped_parent,202604
DML,-2:-1,>25,702,135.0,nonlooped_parent,202604
DML,-5:-2,0:1,271,31.0,nonlooped_parent,202604
DML,-5:-2,10:25,1867,251.0,nonlooped_parent,202604
DML,-5:-2,1:5,53,23.0,nonlooped_parent,202604
DML,-5:-2,5:10,386,41.0,nonlooped_parent,202604
DML,-5:-2,>25,2582,479.0,nonlooped_parent,202604
DML,0.5:1,0:1,27,1.0,nonlooped_parent,202604
DML,0.5:1,10:25,131,8.0,nonlooped_parent,202604
DML,0.5:1,1:5,3,0.0,nonlooped_parent,202604
DML,0.5:1,5:10,45,1.0,nonlooped_parent,202604
DML,0.5:1,>25,128,17.0,nonlooped_parent,202604
DML,0:0.5,0:1,38,0.0,nonlooped_parent,202604
DML,0:0.5,10:25,164,2.0,nonlooped_parent,202604
DML,0:0.5,1:5,3,1.0,nonlooped_parent,202604
DML,0:0.5,5:10,26,1.0,nonlooped_parent,202604
DML,0:0.5,>25,134,13.0,nonlooped_parent,202604
DML,1:2,0:1,33,2.0,nonlooped_parent,202604
DML,1:2,10:25,234,12.0,nonlooped_parent,202604
DML,1:2,1:5,5,3.0,nonlooped_parent,202604
DML,1:2,5:10,53,5.0,nonlooped_parent,202604
DML,1:2,>25,225,20.0,nonlooped_parent,202604
DML,2:5,0:1,25,0.0,nonlooped_parent,202604
DML,2:5,10:25,309,8.0,nonlooped_parent,202604
DML,2:5,1:5,6,0.0,nonlooped_parent,202604
DML,2:5,5:10,128,1.0,nonlooped_parent,202604
DML,2:5,>25,221,13.0,nonlooped_parent,202604
DML,<-10,0:1,4,1.0,nonlooped_parent,202604
DML,<-10,10:25,313,74.0,nonlooped_parent,202604
DML,<-10,1:5,3,1.0,nonlooped_parent,202604
DML,<-10,5:10,31,8.0,nonlooped_parent,202604
DML,<-10,>25,243,47.0,nonlooped_parent,202604
DML,>5,0:1,6,1.0,nonlooped_parent,202604
DML,>5,10:25,686,0.0,nonlooped_parent,202604
DML,>5,1:5,4,0.0,nonlooped_parent,202604
DML,>5,5:10,111,0.0,nonlooped_parent,202604
DML,>5,>25,336,0.0,nonlooped_parent,202604
DRH,-0.5:0,0:1,3,2.0,nonlooped_parent,202604
DRH,-0.5:0,10:25,93,18.0,nonlooped_parent,202604
DRH,-0.5:0,1:5,2,0.0,nonlooped_parent,202604
DRH,-0.5:0,5:10,32,9.0,nonlooped_parent,202604
DRH,-0.5:0,>25,145,19.0,nonlooped_parent,202604
DRH,-10:-5,0:1,4,4.0,nonlooped_parent,202604
DRH,-10:-5,10:25,263,119.0,nonlooped_parent,202604
DRH,-10:-5,1:5,15,7.0,nonlooped_parent,202604
DRH,-10:-5,5:10,97,58.0,nonlooped_parent,202604
DRH,-10:-5,>25,210,39.0,nonlooped_parent,202604
DRH,-1:-0.5,0:1,1,1.0,nonlooped_parent,202604
DRH,-1:-0.5,10:25,114,25.0,nonlooped_parent,202604
DRH,-1:-0.5,1:5,2,1.0,nonlooped_parent,202604
DRH,-1:-0.5,5:10,29,11.0,nonlooped_parent,202604
DRH,-1:-0.5,>25,104,30.0,nonlooped_parent,202604
DRH,-2:-1,0:1,2,2.0,nonlooped_parent,202604
DRH,-2:-1,10:25,172,63.0,nonlooped_parent,202604
DRH,-2:-1,1:5,5,1.0,nonlooped_parent,202604
DRH,-2:-1,5:10,44,22.0,nonlooped_parent,202604
DRH,-2:-1,>25,260,55.0,nonlooped_parent,202604
DRH,-5:-2,0:1,8,7.0,nonlooped_parent,202604
DRH,-5:-2,10:25,305,142.0,nonlooped_parent,202604
DRH,-5:-2,1:5,13,7.0,nonlooped_parent,202604
DRH,-5:-2,5:10,114,72.0,nonlooped_parent,202604
DRH,-5:-2,>25,391,111.0,nonlooped_parent,202604
DRH,0.5:1,0:1,2,1.0,nonlooped_parent,202604
DRH,0.5:1,10:25,102,7.0,nonlooped_parent,202604
DRH,0.5:1,1:5,6,1.0,nonlooped_parent,202604
DRH,0.5:1,5:10,18,0.0,nonlooped_parent,202604
DRH,0.5:1,>25,122,22.0,nonlooped_parent,202604
DRH,0:0.5,0:1,2,2.0,nonlooped_parent,202604
DRH,0:0.5,10:25,123,11.0,nonlooped_parent,202604
DRH,0:0.5,1:5,6,1.0,nonlooped_parent,202604
DRH,0:0.5,5:10,29,9.0,nonlooped_parent,202604
DRH,0:0.5,>25,115,19.0,nonlooped_parent,202604
DRH,1:2,0:1,3,3.0,nonlooped_parent,202604
DRH,1:2,10:25,183,23.0,nonlooped_parent,202604
DRH,1:2,1:5,5,3.0,nonlooped_parent,202604
DRH,1:2,5:10,61,10.0,nonlooped_parent,202604
DRH,1:2,>25,258,48.0,nonlooped_parent,202604
DRH,2:5,0:1,16,15.0,nonlooped_parent,202604
DRH,2:5,10:25,650,67.0,nonlooped_parent,202604
DRH,2:5,1:5,20,3.0,nonlooped_parent,202604
DRH,2:5,5:10,124,21.0,nonlooped_parent,202604
DRH,2:5,>25,679,84.0,nonlooped_parent,202604
DRH,<-10,0:1,5,5.0,nonlooped_parent,202604
DRH,<-10,10:25,214,100.0,nonlooped_parent,202604
DRH,<-10,1:5,11,4.0,nonlooped_parent,202604
DRH,<-10,5:10,97,57.0,nonlooped_parent,202604
DRH,<-10,>25,156,35.0,nonlooped_parent,202604
DRH,>5,0:1,144,138.0,nonlooped_parent,202604
DRH,>5,10:25,3266,199.0,nonlooped_parent,202604
DRH,>5,1:5,119,21.0,nonlooped_parent,202604
DRH,>5,5:10,440,46.0,nonlooped_parent,202604
DRH,>5,>25,3687,233.0,nonlooped_parent,202604
DRL,-0.5:0,10:25,40,9.0,nonlooped_parent,202604
DRL,-0.5:0,1:5,8,4.0,nonlooped_parent,202604
DRL,-0.5:0,5:10,21,5.0,nonlooped_parent,202604
DRL,-0.5:0,>25,32,4.0,nonlooped_parent,202604
DRL,-10:-5,0:1,2,0.0,nonlooped_parent,202604
DRL,-10:-5,10:25,1017,264.0,nonlooped_parent,202604
DRL,-10:-5,1:5,43,23.0,nonlooped_parent,202604
DRL,-10:-5,5:10,507,135.0,nonlooped_parent,202604
DRL,-10:-5,>25,680,200.0,nonlooped_parent,202604
DRL,-1:-0.5,10:25,46,11.0,nonlooped_parent,202604
DRL,-1:-0.5,1:5,4,1.0,nonlooped_parent,202604
DRL,-1:-0.5,5:10,13,2.0,nonlooped_parent,202604
DRL,-1:-0.5,>25,31,4.0,nonlooped_parent,202604
DRL,-2:-1,0:1,1,0.0,nonlooped_parent,202604
DRL,-2:-1,10:25,100,23.0,nonlooped_parent,202604
DRL,-2:-1,1:5,7,2.0,nonlooped_parent,202604
DRL,-2:-1,5:10,48,8.0,nonlooped_parent,202604
DRL,-2:-1,>25,70,15.0,nonlooped_parent,202604
DRL,-5:-2,10:25,380,74.0,nonlooped_parent,202604
DRL,-5:-2,1:5,16,6.0,nonlooped_parent,202604
DRL,-5:-2,5:10,154,38.0,nonlooped_parent,202604
DRL,-5:-2,>25,274,73.0,nonlooped_parent,202604
DRL,0.5:1,10:25,41,7.0,nonlooped_parent,202604
DRL,0.5:1,1:5,4,1.0,nonlooped_parent,202604
DRL,0.5:1,5:10,26,5.0,nonlooped_parent,202604
DRL,0.5:1,>25,41,12.0,nonlooped_parent,202604
DRL,0:0.5,10:25,48,5.0,nonlooped_parent,202604
DRL,0:0.5,1:5,1,0.0,nonlooped_parent,202604
DRL,0:0.5,5:10,36,5.0,nonlooped_parent,202604
DRL,0:0.5,>25,32,8.0,nonlooped_parent,202604
DRL,1:2,0:1,2,0.0,nonlooped_parent,202604
DRL,1:2,10:25,60,10.0,nonlooped_parent,202604
DRL,1:2,1:5,15,0.0,nonlooped_parent,202604
DRL,1:2,5:10,46,6.0,nonlooped_parent,202604
DRL,1:2,>25,56,6.0,nonlooped_parent,202604
DRL,2:5,10:25,195,19.0,nonlooped_parent,202604
DRL,2:5,1:5,43,1.0,nonlooped_parent,202604
DRL,2:5,5:10,91,11.0,nonlooped_parent,202604
DRL,2:5,>25,169,15.0,nonlooped_parent,202604
DRL,<-10,0:1,7,4.0,nonlooped_parent,202604
DRL,<-10,10:25,2400,861.0,nonlooped_parent,202604
DRL,<-10,1:5,211,174.0,nonlooped_parent,202604
DRL,<-10,5:10,1436,511.0,nonlooped_parent,202604
DRL,<-10,>25,1787,550.0,nonlooped_parent,202604
DRL,>5,0:1,3,0.0,nonlooped_parent,202604
DRL,>5,10:25,534,19.0,nonlooped_parent,202604
DRL,>5,1:5,193,2.0,nonlooped_parent,202604
DRL,>5,5:10,225,14.0,nonlooped_parent,202604
DRL,>5,>25,421,9.0,nonlooped_parent,202604
NBR,-10:-5,1:5,10,6.0,nonlooped_parent,202604
NBR,-5:-2,1:5,4,4.0,nonlooped_parent,202604
NBR,0:0.5,0:1,192,5.0,nonlooped_parent,202604
NBR,0:0.5,1:5,2779,668.0,nonlooped_parent,202604
NBR,0:0.5,5:10,214,6.0,nonlooped_parent,202604
NBR,<-10,1:5,18,11.0,nonlooped_parent,202604
NQR,-0.5:0,0:1,71,33.0,nonlooped_parent,202604
NQR,-0.5:0,10:25,878,451.0,nonlooped_parent,202604
NQR,-0.5:0,1:5,160,69.0,nonlooped_parent,202604
NQR,-0.5:0,5:10,195,81.0,nonlooped_parent,202604
NQR,-0.5:0,>25,376,170.0,nonlooped_parent,202604
NQR,-10:-5,0:1,176,82.0,nonlooped_parent,202604
NQR,-10:-5,10:25,680,407.0,nonlooped_parent,202604
NQR,-10:-5,1:5,284,175.0,nonlooped_parent,202604
NQR,-10:-5,5:10,295,203.0,nonlooped_parent,202604
NQR,-10:-5,>25,148,82.0,nonlooped_parent,202604
NQR,-1:-0.5,0:1,267,116.0,nonlooped_parent,202604
NQR,-1:-0.5,10:25,307,190.0,nonlooped_parent,202604
NQR,-1:-0.5,1:5,371,274.0,nonlooped_parent,202604
NQR,-1:-0.5,5:10,89,53.0,nonlooped_parent,202604
NQR,-1:-0.5,>25,133,65.0,nonlooped_parent,202604
NQR,-2:-1,0:1,127,58.0,nonlooped_parent,202604
NQR,-2:-1,10:25,503,322.0,nonlooped_parent,202604
NQR,-2:-1,1:5,232,144.0,nonlooped_parent,202604
NQR,-2:-1,5:10,302,230.0,nonlooped_parent,202604
NQR,-2:-1,>25,112,49.0,nonlooped_parent,202604
NQR,-5:-2,0:1,176,61.0,nonlooped_parent,202604
NQR,-5:-2,10:25,626,281.0,nonlooped_parent,202604
NQR,-5:-2,1:5,306,151.0,nonlooped_parent,202604
NQR,-5:-2,5:10,145,75.0,nonlooped_parent,202604
NQR,-5:-2,>25,237,84.0,nonlooped_parent,202604
NQR,0.5:1,0:1,2,0.0,nonlooped_parent,202604
NQR,0.5:1,10:25,498,195.0,nonlooped_parent,202604
NQR,0.5:1,1:5,65,3.0,nonlooped_parent,202604
NQR,0.5:1,5:10,67,6.0,nonlooped_parent,202604
NQR,0.5:1,>25,314,121.0,nonlooped_parent,202604
NQR,0:0.5,0:1,172,62.0,nonlooped_parent,202604
NQR,0:0.5,10:25,331,191.0,nonlooped_parent,202604
NQR,0:0.5,1:5,273,182.0,nonlooped_parent,202604
NQR,0:0.5,5:10,61,12.0,nonlooped_parent,202604
NQR,0:0.5,>25,233,110.0,nonlooped_parent,202604
NQR,1:2,0:1,6,3.0,nonlooped_parent,202604
NQR,1:2,10:25,326,130.0,nonlooped_parent,202604
NQR,1:2,1:5,56,1.0,nonlooped_parent,202604
NQR,1:2,5:10,66,6.0,nonlooped_parent,202604
NQR,1:2,>25,333,58.0,nonlooped_parent,202604
NQR,2:5,0:1,37,7.0,nonlooped_parent,202604
NQR,2:5,10:25,1808,109.0,nonlooped_parent,202604
NQR,2:5,1:5,454,0.0,nonlooped_parent,202604
NQR,2:5,5:10,674,11.0,nonlooped_parent,202604
NQR,2:5,>25,1181,35.0,nonlooped_parent,202604
NQR,<-10,0:1,138,90.0,nonlooped_parent,202604
NQR,<-10,10:25,495,324.0,nonlooped_parent,202604
NQR,<-10,1:5,222,159.0,nonlooped_parent,202604
NQR,<-10,5:10,207,168.0,nonlooped_parent,202604
NQR,<-10,>25,92,60.0,nonlooped_parent,202604
NQR,>5,0:1,110,7.0,nonlooped_parent,202604
NQR,>5,10:25,7045,55.0,nonlooped_parent,202604
NQR,>5,1:5,2780,1.0,nonlooped_parent,202604
NQR,>5,5:10,4649,14.0,nonlooped_parent,202604
NQR,>5,>25,2762,8.0,nonlooped_parent,202604
NSR,-0.5:0,10:25,4,4.0,nonlooped_parent,202604
NSR,-0.5:0,>25,4,4.0,nonlooped_parent,202604
NSR,-10:-5,10:25,13,0.0,nonlooped_parent,202604
NSR,-10:-5,5:10,13,0.0,nonlooped_parent,202604
NSR,-2:-1,>25,2,2.0,nonlooped_parent,202604
NSR,-5:-2,10:25,4,4.0,nonlooped_parent,202604
NSR,-5:-2,>25,2,2.0,nonlooped_parent,202604
NSR,0.5:1,10:25,48,0.0,nonlooped_parent,202604
NSR,0:0.5,0:1,816,66.0,nonlooped_parent,202604
NSR,0:0.5,10:25,784,14.0,nonlooped_parent,202604
NSR,0:0.5,5:10,768,208.0,nonlooped_parent,202604
NSR,2:5,10:25,2,0.0,nonlooped_parent,202604
NSR,2:5,>25,1,0.0,nonlooped_parent,202604
NSR,<-10,10:25,3,0.0,nonlooped_parent,202604
NSR,<-10,5:10,3,0.0,nonlooped_parent,202604
NSR,>5,10:25,3502,0.0,nonlooped_parent,202604
NSR,>5,1:5,726,0.0,nonlooped_parent,202604
NSR,>5,>25,1103,0.0,nonlooped_parent,202604
PBR,-0.5:0,0:1,199,91.0,nonlooped_parent,202604
PBR,-0.5:0,10:25,530,347.0,nonlooped_parent,202604
PBR,-0.5:0,1:5,350,91.0,nonlooped_parent,202604
PBR,-0.5:0,5:10,508,252.0,nonlooped_parent,202604
PBR,-10:-5,0:1,331,208.0,nonlooped_parent,202604
PBR,-10:-5,10:25,966,654.0,nonlooped_parent,202604
PBR,-10:-5,1:5,400,139.0,nonlooped_parent,202604
PBR,-10:-5,5:10,354,184.0,nonlooped_parent,202604
PBR,-1:-0.5,0:1,122,35.0,nonlooped_parent,202604
PBR,-1:-0.5,10:25,621,479.0,nonlooped_parent,202604
PBR,-1:-0.5,1:5,211,103.0,nonlooped_parent,202604
PBR,-1:-0.5,5:10,431,245.0,nonlooped_parent,202604
PBR,-2:-1,0:1,775,321.0,nonlooped_parent,202604
PBR,-2:-1,10:25,2480,2010.0,nonlooped_parent,202604
PBR,-2:-1,1:5,648,263.0,nonlooped_parent,202604
PBR,-2:-1,5:10,930,506.0,nonlooped_parent,202604
PBR,-5:-2,0:1,1173,783.0,nonlooped_parent,202604
PBR,-5:-2,10:25,2791,1950.0,nonlooped_parent,202604
PBR,-5:-2,1:5,1612,476.0,nonlooped_parent,202604
PBR,-5:-2,5:10,1128,679.0,nonlooped_parent,202604
PBR,0.5:1,10:25,168,29.0,nonlooped_parent,202604
PBR,0.5:1,1:5,88,11.0,nonlooped_parent,202604
PBR,0.5:1,5:10,333,38.0,nonlooped_parent,202604
PBR,0:0.5,0:1,362,18.0,nonlooped_parent,202604
PBR,0:0.5,10:25,954,543.0,nonlooped_parent,202604
PBR,0:0.5,1:5,379,29.0,nonlooped_parent,202604
PBR,0:0.5,5:10,666,111.0,nonlooped_parent,202604
PBR,1:2,10:25,85,9.0,nonlooped_parent,202604
PBR,1:2,1:5,154,14.0,nonlooped_parent,202604
PBR,1:2,5:10,412,55.0,nonlooped_parent,202604
PBR,2:5,10:25,17,0.0,nonlooped_parent,202604
PBR,2:5,1:5,122,19.0,nonlooped_parent,202604
PBR,2:5,5:10,597,63.0,nonlooped_parent,202604
PBR,<-10,0:1,229,128.0,nonlooped_parent,202604
PBR,<-10,10:25,683,506.0,nonlooped_parent,202604
PBR,<-10,1:5,261,97.0,nonlooped_parent,202604
PBR,<-10,5:10,246,137.0,nonlooped_parent,202604
PBR,>5,1:5,9,0.0,nonlooped_parent,202604
PBR,>5,5:10,206,29.0,nonlooped_parent,202604
PQR,-0.5:0,0:1,257,130.0,nonlooped_parent,202604
PQR,-0.5:0,10:25,897,326.0,nonlooped_parent,202604
PQR,-0.5:0,1:5,370,179.0,nonlooped_parent,202604
PQR,-0.5:0,5:10,590,253.0,nonlooped_parent,202604
PQR,-0.5:0,>25,327,186.0,nonlooped_parent,202604
PQR,-10:-5,0:1,827,648.0,nonlooped_parent,202604
PQR,-10:-5,10:25,1949,1188.0,nonlooped_parent,202604
PQR,-10:-5,1:5,1000,814.0,nonlooped_parent,202604
PQR,-10:-5,5:10,1049,703.0,nonlooped_parent,202604
PQR,-10:-5,>25,445,315.0,nonlooped_parent,202604
PQR,-1:-0.5,0:1,505,366.0,nonlooped_parent,202604
PQR,-1:-0.5,10:25,531,143.0,nonlooped_parent,202604
PQR,-1:-0.5,1:5,552,374.0,nonlooped_parent,202604
PQR,-1:-0.5,5:10,425,115.0,nonlooped_parent,202604
PQR,-1:-0.5,>25,172,81.0,nonlooped_parent,202604
PQR,-2:-1,0:1,350,225.0,nonlooped_parent,202604
PQR,-2:-1,10:25,799,420.0,nonlooped_parent,202604
PQR,-2:-1,1:5,466,291.0,nonlooped_parent,202604
PQR,-2:-1,5:10,672,332.0,nonlooped_parent,202604
PQR,-2:-1,>25,312,178.0,nonlooped_parent,202604
PQR,-5:-2,0:1,678,482.0,nonlooped_parent,202604
PQR,-5:-2,10:25,1737,748.0,nonlooped_parent,202604
PQR,-5:-2,1:5,875,602.0,nonlooped_parent,202604
PQR,-5:-2,5:10,1264,647.0,nonlooped_parent,202604
PQR,-5:-2,>25,538,291.0,nonlooped_parent,202604
PQR,0.5:1,0:1,5,2.0,nonlooped_parent,202604
PQR,0.5:1,10:25,948,105.0,nonlooped_parent,202604
PQR,0.5:1,1:5,233,22.0,nonlooped_parent,202604
PQR,0.5:1,5:10,590,77.0,nonlooped_parent,202604
PQR,0.5:1,>25,350,120.0,nonlooped_parent,202604
PQR,0:0.5,0:1,598,257.0,nonlooped_parent,202604
PQR,0:0.5,10:25,752,113.0,nonlooped_parent,202604
PQR,0:0.5,1:5,691,313.0,nonlooped_parent,202604
PQR,0:0.5,5:10,729,124.0,nonlooped_parent,202604
PQR,0:0.5,>25,231,100.0,nonlooped_parent,202604
PQR,1:2,0:1,9,3.0,nonlooped_parent,202604
PQR,1:2,10:25,834,64.0,nonlooped_parent,202604
PQR,1:2,1:5,227,29.0,nonlooped_parent,202604
PQR,1:2,5:10,786,99.0,nonlooped_parent,202604
PQR,1:2,>25,441,101.0,nonlooped_parent,202604
PQR,2:5,0:1,36,5.0,nonlooped_parent,202604
PQR,2:5,10:25,1568,85.0,nonlooped_parent,202604
PQR,2:5,1:5,651,23.0,nonlooped_parent,202604
PQR,2:5,5:10,1547,117.0,nonlooped_parent,202604
PQR,2:5,>25,1306,14.0,nonlooped_parent,202604
PQR,<-10,0:1,483,397.0,nonlooped_parent,202604
PQR,<-10,10:25,954,614.0,nonlooped_parent,202604
PQR,<-10,1:5,481,406.0,nonlooped_parent,202604
PQR,<-10,5:10,347,207.0,nonlooped_parent,202604
PQR,<-10,>25,185,151.0,nonlooped_parent,202604
PQR,>5,0:1,134,2.0,nonlooped_parent,202604
PQR,>5,10:25,6636,49.0,nonlooped_parent,202604
PQR,>5,1:5,2472,2.0,nonlooped_parent,202604
PQR,>5,5:10,4771,20.0,nonlooped_parent,202604
PQR,>5,>25,2712,5.0,nonlooped_parent,202604
PSR,-0.5:0,0:1,17,16.0,nonlooped_parent,202604
PSR,-0.5:0,10:25,4618,2581.0,nonlooped_parent,202604
PSR,-0.5:0,1:5,222,156.0,nonlooped_parent,202604
PSR,-0.5:0,5:10,679,332.0,nonlooped_parent,202604
PSR,-0.5:0,>25,1001,563.0,nonlooped_parent,202604
PSR,-10:-5,0:1,722,342.0,nonlooped_parent,202604
PSR,-10:-5,10:25,19976,10812.0,nonlooped_parent,202604
PSR,-10:-5,1:5,610,464.0,nonlooped_parent,202604
PSR,-10:-5,5:10,1385,781.0,nonlooped_parent,202604
PSR,-10:-5,>25,5799,4740.0,nonlooped_parent,202604
PSR,-1:-0.5,0:1,37,28.0,nonlooped_parent,202604
PSR,-1:-0.5,10:25,5154,3430.0,nonlooped_parent,202604
PSR,-1:-0.5,1:5,237,163.0,nonlooped_parent,202604
PSR,-1:-0.5,5:10,657,329.0,nonlooped_parent,202604
PSR,-1:-0.5,>25,698,509.0,nonlooped_parent,202604
PSR,-2:-1,0:1,163,132.0,nonlooped_parent,202604
PSR,-2:-1,10:25,11254,7335.0,nonlooped_parent,202604
PSR,-2:-1,1:5,653,573.0,nonlooped_parent,202604
PSR,-2:-1,5:10,1775,984.0,nonlooped_parent,202604
PSR,-2:-1,>25,2077,1582.0,nonlooped_parent,202604
PSR,-5:-2,0:1,1326,596.0,nonlooped_parent,202604
PSR,-5:-2,10:25,40464,22467.0,nonlooped_parent,202604
PSR,-5:-2,1:5,1487,1251.0,nonlooped_parent,202604
PSR,-5:-2,5:10,4152,2575.0,nonlooped_parent,202604
PSR,-5:-2,>25,10734,8573.0,nonlooped_parent,202604
PSR,0.5:1,10:25,2643,823.0,nonlooped_parent,202604
PSR,0.5:1,1:5,85,23.0,nonlooped_parent,202604
PSR,0.5:1,5:10,358,87.0,nonlooped_parent,202604
PSR,0.5:1,>25,659,258.0,nonlooped_parent,202604
PSR,0:0.5,0:1,25,21.0,nonlooped_parent,202604
PSR,0:0.5,10:25,3661,1533.0,nonlooped_parent,202604
PSR,0:0.5,1:5,119,76.0,nonlooped_parent,202604
PSR,0:0.5,5:10,508,180.0,nonlooped_parent,202604
PSR,0:0.5,>25,600,385.0,nonlooped_parent,202604
PSR,1:2,0:1,37,31.0,nonlooped_parent,202604
PSR,1:2,10:25,2778,734.0,nonlooped_parent,202604
PSR,1:2,1:5,76,39.0,nonlooped_parent,202604
PSR,1:2,5:10,327,56.0,nonlooped_parent,202604
PSR,1:2,>25,918,201.0,nonlooped_parent,202604
PSR,2:5,0:1,18,0.0,nonlooped_parent,202604
PSR,2:5,10:25,3469,431.0,nonlooped_parent,202604
PSR,2:5,1:5,310,47.0,nonlooped_parent,202604
PSR,2:5,5:10,394,53.0,nonlooped_parent,202604
PSR,2:5,>25,2255,168.0,nonlooped_parent,202604
PSR,<-10,0:1,40,35.0,nonlooped_parent,202604
PSR,<-10,10:25,1327,835.0,nonlooped_parent,202604
PSR,<-10,1:5,56,48.0,nonlooped_parent,202604
PSR,<-10,5:10,72,43.0,nonlooped_parent,202604
PSR,<-10,>25,435,358.0,nonlooped_parent,202604
PSR,>5,0:1,123,0.0,nonlooped_parent,202604
PSR,>5,10:25,5223,29.0,nonlooped_parent,202604
PSR,>5,1:5,1494,16.0,nonlooped_parent,202604
PSR,>5,5:10,1202,22.0,nonlooped_parent,202604
PSR,>5,>25,1716,4.0,nonlooped_parent,202604
