sample_class,product,margin_bin,quantity_bin,orders,accepted_fraction_sum
nonlooped_parent,DCH,-0.5:0,0:1,37,10.0
nonlooped_parent,DCH,-0.5:0,10:25,958,494.0
nonlooped_parent,DCH,-0.5:0,1:5,399,260.0
nonlooped_parent,DCH,-0.5:0,5:10,339,207.0
nonlooped_parent,DCH,-0.5:0,>25,1276,582.0
nonlooped_parent,DCH,-10:-5,0:1,13,2.0
nonlooped_parent,DCH,-10:-5,10:25,196,114.0
nonlooped_parent,DCH,-10:-5,1:5,56,38.0
nonlooped_parent,DCH,-10:-5,5:10,51,27.0
nonlooped_parent,DCH,-10:-5,>25,210,112.0
nonlooped_parent,DCH,-1:-0.5,0:1,29,10.0
nonlooped_parent,DCH,-1:-0.5,10:25,769,432.0
nonlooped_parent,DCH,-1:-0.5,1:5,281,195.0
nonlooped_parent,DCH,-1:-0.5,5:10,263,170.0
nonlooped_parent,DCH,-1:-0.5,>25,857,426.0
nonlooped_parent,DCH,-2:-1,0:1,35,10.0
nonlooped_parent,DCH,-2:-1,10:25,778,460.0
nonlooped_parent,DCH,-2:-1,1:5,368,217.0
nonlooped_parent,DCH,-2:-1,5:10,279,170.0
nonlooped_parent,DCH,-2:-1,>25,995,494.0
nonlooped_parent,DCH,-5:-2,0:1,41,9.0
nonlooped_parent,DCH,-5:-2,10:25,805,543.0
nonlooped_parent,DCH,-5:-2,1:5,299,207.0
nonlooped_parent,DCH,-5:-2,5:10,281,189.0
nonlooped_parent,DCH,-5:-2,>25,894,510.0
nonlooped_parent,DCH,0.5:1,0:1,54,9.0
nonlooped_parent,DCH,0.5:1,10:25,1082,435.0
nonlooped_parent,DCH,0.5:1,1:5,335,138.0
nonlooped_parent,DCH,0.5:1,5:10,332,113.0
nonlooped_parent,DCH,0.5:1,>25,1312,412.0
nonlooped_parent,DCH,0:0.5,0:1,44,14.0
nonlooped_parent,DCH,0:0.5,10:25,1266,664.0
nonlooped_parent,DCH,0:0.5,1:5,366,186.0
nonlooped_parent,DCH,0:0.5,5:10,370,165.0
nonlooped_parent,DCH,0:0.5,>25,1547,667.0
nonlooped_parent,DCH,1:2,0:1,141,18.0
nonlooped_parent,DCH,1:2,10:25,1785,515.0
nonlooped_parent,DCH,1:2,1:5,520,199.0
nonlooped_parent,DCH,1:2,5:10,558,184.0
nonlooped_parent,DCH,1:2,>25,1796,325.0
nonlooped_parent,DCH,2:5,0:1,694,56.0
nonlooped_parent,DCH,2:5,10:25,2034,346.0
nonlooped_parent,DCH,2:5,1:5,803,279.0
nonlooped_parent,DCH,2:5,5:10,686,283.0
nonlooped_parent,DCH,2:5,>25,1764,121.0
nonlooped_parent,DCH,<-10,0:1,5,5.0
nonlooped_parent,DCH,<-10,10:25,11,3.0
nonlooped_parent,DCH,<-10,1:5,4,4.0
nonlooped_parent,DCH,<-10,5:10,6,3.0
nonlooped_parent,DCH,<-10,>25,9,1.0
nonlooped_parent,DCH,>5,0:1,1166,1.0
nonlooped_parent,DCH,>5,10:25,1057,76.0
nonlooped_parent,DCH,>5,1:5,237,52.0
nonlooped_parent,DCH,>5,5:10,467,58.0
nonlooped_parent,DCH,>5,>25,354,15.0
nonlooped_parent,DCL,-0.5:0,0:1,79,46.0
nonlooped_parent,DCL,-0.5:0,10:25,1227,515.0
nonlooped_parent,DCL,-0.5:0,1:5,89,80.0
nonlooped_parent,DCL,-0.5:0,5:10,257,99.0
nonlooped_parent,DCL,-0.5:0,>25,1382,592.0
nonlooped_parent,DCL,-10:-5,0:1,14,10.0
nonlooped_parent,DCL,-10:-5,10:25,807,174.0
nonlooped_parent,DCL,-10:-5,1:5,136,53.0
nonlooped_parent,DCL,-10:-5,5:10,215,48.0
nonlooped_parent,DCL,-10:-5,>25,1560,359.0
nonlooped_parent,DCL,-1:-0.5,0:1,71,55.0
nonlooped_parent,DCL,-1:-0.5,10:25,1248,615.0
nonlooped_parent,DCL,-1:-0.5,1:5,188,180.0
nonlooped_parent,DCL,-1:-0.5,5:10,273,137.0
nonlooped_parent,DCL,-1:-0.5,>25,1425,687.0
nonlooped_parent,DCL,-2:-1,0:1,84,63.0
nonlooped_parent,DCL,-2:-1,10:25,1853,862.0
nonlooped_parent,DCL,-2:-1,1:5,388,369.0
nonlooped_parent,DCL,-2:-1,5:10,432,299.0
nonlooped_parent,DCL,-2:-1,>25,2307,1182.0
nonlooped_parent,DCL,-5:-2,0:1,71,63.0
nonlooped_parent,DCL,-5:-2,10:25,2080,843.0
nonlooped_parent,DCL,-5:-2,1:5,370,329.0
nonlooped_parent,DCL,-5:-2,5:10,426,276.0
nonlooped_parent,DCL,-5:-2,>25,2774,1106.0
nonlooped_parent,DCL,0.5:1,0:1,42,11.0
nonlooped_parent,DCL,0.5:1,10:25,551,135.0
nonlooped_parent,DCL,0.5:1,1:5,19,7.0
nonlooped_parent,DCL,0.5:1,5:10,124,17.0
nonlooped_parent,DCL,0.5:1,>25,501,140.0
nonlooped_parent,DCL,0:0.5,0:1,64,31.0
nonlooped_parent,DCL,0:0.5,10:25,826,291.0
nonlooped_parent,DCL,0:0.5,1:5,41,34.0
nonlooped_parent,DCL,0:0.5,5:10,201,52.0
nonlooped_parent,DCL,0:0.5,>25,863,276.0
nonlooped_parent,DCL,1:2,0:1,17,8.0
nonlooped_parent,DCL,1:2,10:25,388,59.0
nonlooped_parent,DCL,1:2,1:5,29,9.0
nonlooped_parent,DCL,1:2,5:10,130,7.0
nonlooped_parent,DCL,1:2,>25,406,57.0
nonlooped_parent,DCL,2:5,0:1,9,0.0
nonlooped_parent,DCL,2:5,10:25,319,17.0
nonlooped_parent,DCL,2:5,1:5,10,0.0
nonlooped_parent,DCL,2:5,5:10,59,4.0
nonlooped_parent,DCL,2:5,>25,206,20.0
nonlooped_parent,DCL,<-10,0:1,4,3.0
nonlooped_parent,DCL,<-10,10:25,175,41.0
nonlooped_parent,DCL,<-10,1:5,10,2.0
nonlooped_parent,DCL,<-10,5:10,15,7.0
nonlooped_parent,DCL,<-10,>25,238,67.0
nonlooped_parent,DCL,>5,0:1,737,0.0
nonlooped_parent,DCL,>5,10:25,590,0.0
nonlooped_parent,DCL,>5,1:5,17,1.0
nonlooped_parent,DCL,>5,5:10,101,0.0
nonlooped_parent,DCL,>5,>25,249,0.0
nonlooped_parent,DMH,-0.5:0,10:25,245,67.0
nonlooped_parent,DMH,-0.5:0,1:5,21,8.0
nonlooped_parent,DMH,-0.5:0,5:10,22,4.0
nonlooped_parent,DMH,-0.5:0,>25,358,145.0
nonlooped_parent,DMH,-10:-5,10:25,133,43.0
nonlooped_parent,DMH,-10:-5,1:5,17,6.0
nonlooped_parent,DMH,-10:-5,5:10,18,3.0
nonlooped_parent,DMH,-10:-5,>25,184,54.0
nonlooped_parent,DMH,-1:-0.5,0:1,2,0.0
nonlooped_parent,DMH,-1:-0.5,10:25,220,49.0
nonlooped_parent,DMH,-1:-0.5,1:5,15,3.0
nonlooped_parent,DMH,-1:-0.5,5:10,18,2.0
nonlooped_parent,DMH,-1:-0.5,>25,299,95.0
nonlooped_parent,DMH,-2:-1,0:1,2,1.0
nonlooped_parent,DMH,-2:-1,10:25,300,85.0
nonlooped_parent,DMH,-2:-1,1:5,31,14.0
nonlooped_parent,DMH,-2:-1,5:10,36,7.0
nonlooped_parent,DMH,-2:-1,>25,410,129.0
nonlooped_parent,DMH,-5:-2,0:1,6,4.0
nonlooped_parent,DMH,-5:-2,10:25,424,104.0
nonlooped_parent,DMH,-5:-2,1:5,47,20.0
nonlooped_parent,DMH,-5:-2,5:10,63,19.0
nonlooped_parent,DMH,-5:-2,>25,494,163.0
nonlooped_parent,DMH,0.5:1,10:25,319,93.0
nonlooped_parent,DMH,0.5:1,1:5,38,17.0
nonlooped_parent,DMH,0.5:1,5:10,35,3.0
nonlooped_parent,DMH,0.5:1,>25,548,221.0
nonlooped_parent,DMH,0:0.5,0:1,1,0.0
nonlooped_parent,DMH,0:0.5,10:25,265,82.0
nonlooped_parent,DMH,0:0.5,1:5,24,11.0
nonlooped_parent,DMH,0:0.5,5:10,32,6.0
nonlooped_parent,DMH,0:0.5,>25,419,161.0
nonlooped_parent,DMH,1:2,0:1,3,2.0
nonlooped_parent,DMH,1:2,10:25,758,220.0
nonlooped_parent,DMH,1:2,1:5,82,21.0
nonlooped_parent,DMH,1:2,5:10,113,24.0
nonlooped_parent,DMH,1:2,>25,1437,524.0
nonlooped_parent,DMH,2:5,0:1,4,3.0
nonlooped_parent,DMH,2:5,10:25,2178,462.0
nonlooped_parent,DMH,2:5,1:5,240,44.0
nonlooped_parent,DMH,2:5,5:10,332,25.0
nonlooped_parent,DMH,2:5,>25,4693,1170.0
nonlooped_parent,DMH,<-10,0:1,4,3.0
nonlooped_parent,DMH,<-10,10:25,30,10.0
nonlooped_parent,DMH,<-10,1:5,3,1.0
nonlooped_parent,DMH,<-10,5:10,4,1.0
nonlooped_parent,DMH,<-10,>25,36,5.0
nonlooped_parent,DMH,>5,0:1,1,0.0
nonlooped_parent,DMH,>5,10:25,1228,116.0
nonlooped_parent,DMH,>5,1:5,111,13.0
nonlooped_parent,DMH,>5,5:10,247,28.0
nonlooped_parent,DMH,>5,>25,1302,184.0
nonlooped_parent,DML,-0.5:0,0:1,80,5.0
nonlooped_parent,DML,-0.5:0,10:25,286,24.0
nonlooped_parent,DML,-0.5:0,1:5,4,1.0
nonlooped_parent,DML,-0.5:0,5:10,55,7.0
nonlooped_parent,DML,-0.5:0,>25,325,51.0
nonlooped_parent,DML,-10:-5,0:1,146,35.0
nonlooped_parent,DML,-10:-5,10:25,2639,421.0
nonlooped_parent,DML,-10:-5,1:5,211,80.0
nonlooped_parent,DML,-10:-5,5:10,540,38.0
nonlooped_parent,DML,-10:-5,>25,4992,873.0
nonlooped_parent,DML,-1:-0.5,0:1,113,4.0
nonlooped_parent,DML,-1:-0.5,10:25,335,27.0
nonlooped_parent,DML,-1:-0.5,1:5,1,0.0
nonlooped_parent,DML,-1:-0.5,5:10,46,1.0
nonlooped_parent,DML,-1:-0.5,>25,389,63.0
nonlooped_parent,DML,-2:-1,0:1,175,6.0
nonlooped_parent,DML,-2:-1,10:25,1128,98.0
nonlooped_parent,DML,-2:-1,1:5,12,2.0
nonlooped_parent,DML,-2:-1,5:10,150,8.0
nonlooped_parent,DML,-2:-1,>25,1290,176.0
nonlooped_parent,DML,-5:-2,0:1,413,62.0
nonlooped_parent,DML,-5:-2,10:25,3920,406.0
nonlooped_parent,DML,-5:-2,1:5,178,63.0
nonlooped_parent,DML,-5:-2,5:10,836,53.0
nonlooped_parent,DML,-5:-2,>25,6277,1035.0
nonlooped_parent,DML,0.5:1,0:1,54,1.0
nonlooped_parent,DML,0.5:1,10:25,172,13.0
nonlooped_parent,DML,0.5:1,1:5,3,0.0
nonlooped_parent,DML,0.5:1,5:10,46,1.0
nonlooped_parent,DML,0.5:1,>25,181,22.0
nonlooped_parent,DML,0:0.5,0:1,72,0.0
nonlooped_parent,DML,0:0.5,10:25,197,2.0
nonlooped_parent,DML,0:0.5,1:5,3,1.0
nonlooped_parent,DML,0:0.5,5:10,31,1.0
nonlooped_parent,DML,0:0.5,>25,189,17.0
nonlooped_parent,DML,1:2,0:1,90,3.0
nonlooped_parent,DML,1:2,10:25,290,15.0
nonlooped_parent,DML,1:2,1:5,5,3.0
nonlooped_parent,DML,1:2,5:10,60,5.0
nonlooped_parent,DML,1:2,>25,281,21.0
nonlooped_parent,DML,2:5,0:1,318,0.0
nonlooped_parent,DML,2:5,10:25,369,8.0
nonlooped_parent,DML,2:5,1:5,6,0.0
nonlooped_parent,DML,2:5,5:10,151,1.0
nonlooped_parent,DML,2:5,>25,260,13.0
nonlooped_parent,DML,<-10,0:1,9,1.0
nonlooped_parent,DML,<-10,10:25,630,124.0
nonlooped_parent,DML,<-10,1:5,20,12.0
nonlooped_parent,DML,<-10,5:10,67,25.0
nonlooped_parent,DML,<-10,>25,1009,142.0
nonlooped_parent,DML,>5,0:1,35,1.0
nonlooped_parent,DML,>5,10:25,915,0.0
nonlooped_parent,DML,>5,1:5,10,0.0
nonlooped_parent,DML,>5,5:10,155,0.0
nonlooped_parent,DML,>5,>25,454,0.0
nonlooped_parent,DRH,-0.5:0,0:1,3,2.0
nonlooped_parent,DRH,-0.5:0,10:25,154,34.0
nonlooped_parent,DRH,-0.5:0,1:5,9,1.0
nonlooped_parent,DRH,-0.5:0,5:10,40,10.0
nonlooped_parent,DRH,-0.5:0,>25,312,81.0
nonlooped_parent,DRH,-10:-5,0:1,6,6.0
nonlooped_parent,DRH,-10:-5,10:25,390,186.0
nonlooped_parent,DRH,-10:-5,1:5,64,50.0
nonlooped_parent,DRH,-10:-5,5:10,154,110.0
nonlooped_parent,DRH,-10:-5,>25,423,110.0
nonlooped_parent,DRH,-1:-0.5,0:1,1,1.0
nonlooped_parent,DRH,-1:-0.5,10:25,184,41.0
nonlooped_parent,DRH,-1:-0.5,1:5,6,2.0
nonlooped_parent,DRH,-1:-0.5,5:10,42,14.0
nonlooped_parent,DRH,-1:-0.5,>25,242,67.0
nonlooped_parent,DRH,-2:-1,0:1,2,2.0
nonlooped_parent,DRH,-2:-1,10:25,307,115.0
nonlooped_parent,DRH,-2:-1,1:5,16,7.0
nonlooped_parent,DRH,-2:-1,5:10,62,30.0
nonlooped_parent,DRH,-2:-1,>25,665,230.0
nonlooped_parent,DRH,-5:-2,0:1,10,8.0
nonlooped_parent,DRH,-5:-2,10:25,562,250.0
nonlooped_parent,DRH,-5:-2,1:5,54,31.0
nonlooped_parent,DRH,-5:-2,5:10,174,107.0
nonlooped_parent,DRH,-5:-2,>25,1048,409.0
nonlooped_parent,DRH,0.5:1,0:1,2,1.0
nonlooped_parent,DRH,0.5:1,10:25,144,11.0
nonlooped_parent,DRH,0.5:1,1:5,10,1.0
nonlooped_parent,DRH,0.5:1,5:10,27,2.0
nonlooped_parent,DRH,0.5:1,>25,278,55.0
nonlooped_parent,DRH,0:0.5,0:1,2,2.0
nonlooped_parent,DRH,0:0.5,10:25,181,28.0
nonlooped_parent,DRH,0:0.5,1:5,13,2.0
nonlooped_parent,DRH,0:0.5,5:10,39,12.0
nonlooped_parent,DRH,0:0.5,>25,294,73.0
nonlooped_parent,DRH,1:2,0:1,3,3.0
nonlooped_parent,DRH,1:2,10:25,289,36.0
nonlooped_parent,DRH,1:2,1:5,26,6.0
nonlooped_parent,DRH,1:2,5:10,99,18.0
nonlooped_parent,DRH,1:2,>25,569,96.0
nonlooped_parent,DRH,2:5,0:1,21,20.0
nonlooped_parent,DRH,2:5,10:25,1038,100.0
nonlooped_parent,DRH,2:5,1:5,48,6.0
nonlooped_parent,DRH,2:5,5:10,194,32.0
nonlooped_parent,DRH,2:5,>25,1614,214.0
nonlooped_parent,DRH,<-10,0:1,6,6.0
nonlooped_parent,DRH,<-10,10:25,293,117.0
nonlooped_parent,DRH,<-10,1:5,38,26.0
nonlooped_parent,DRH,<-10,5:10,127,77.0
nonlooped_parent,DRH,<-10,>25,240,67.0
nonlooped_parent,DRH,>5,0:1,309,299.0
nonlooped_parent,DRH,>5,10:25,5715,329.0
nonlooped_parent,DRH,>5,1:5,312,32.0
nonlooped_parent,DRH,>5,5:10,992,116.0
nonlooped_parent,DRH,>5,>25,10132,631.0
nonlooped_parent,DRL,-0.5:0,0:1,1,0.0
nonlooped_parent,DRL,-0.5:0,10:25,59,16.0
nonlooped_parent,DRL,-0.5:0,1:5,8,4.0
nonlooped_parent,DRL,-0.5:0,5:10,33,8.0
nonlooped_parent,DRL,-0.5:0,>25,51,8.0
nonlooped_parent,DRL,-10:-5,0:1,2,0.0
nonlooped_parent,DRL,-10:-5,10:25,1603,416.0
nonlooped_parent,DRL,-10:-5,1:5,75,38.0
nonlooped_parent,DRL,-10:-5,5:10,815,230.0
nonlooped_parent,DRL,-10:-5,>25,1274,304.0
nonlooped_parent,DRL,-1:-0.5,0:1,1,0.0
nonlooped_parent,DRL,-1:-0.5,10:25,60,16.0
nonlooped_parent,DRL,-1:-0.5,1:5,7,2.0
nonlooped_parent,DRL,-1:-0.5,5:10,26,5.0
nonlooped_parent,DRL,-1:-0.5,>25,44,7.0
nonlooped_parent,DRL,-2:-1,0:1,1,0.0
nonlooped_parent,DRL,-2:-1,10:25,130,27.0
nonlooped_parent,DRL,-2:-1,1:5,13,4.0
nonlooped_parent,DRL,-2:-1,5:10,59,12.0
nonlooped_parent,DRL,-2:-1,>25,114,27.0
nonlooped_parent,DRL,-5:-2,0:1,1,0.0
nonlooped_parent,DRL,-5:-2,10:25,523,99.0
nonlooped_parent,DRL,-5:-2,1:5,22,6.0
nonlooped_parent,DRL,-5:-2,5:10,222,59.0
nonlooped_parent,DRL,-5:-2,>25,432,106.0
nonlooped_parent,DRL,0.5:1,10:25,56,8.0
nonlooped_parent,DRL,0.5:1,1:5,5,2.0
nonlooped_parent,DRL,0.5:1,5:10,42,6.0
nonlooped_parent,DRL,0.5:1,>25,60,14.0
nonlooped_parent,DRL,0:0.5,10:25,68,8.0
nonlooped_parent,DRL,0:0.5,1:5,3,0.0
nonlooped_parent,DRL,0:0.5,5:10,52,8.0
nonlooped_parent,DRL,0:0.5,>25,49,10.0
nonlooped_parent,DRL,1:2,0:1,4,1.0
nonlooped_parent,DRL,1:2,10:25,103,13.0
nonlooped_parent,DRL,1:2,1:5,18,1.0
nonlooped_parent,DRL,1:2,5:10,69,11.0
nonlooped_parent,DRL,1:2,>25,105,10.0
nonlooped_parent,DRL,2:5,0:1,3,0.0
nonlooped_parent,DRL,2:5,10:25,268,20.0
nonlooped_parent,DRL,2:5,1:5,57,1.0
nonlooped_parent,DRL,2:5,5:10,138,15.0
nonlooped_parent,DRL,2:5,>25,293,21.0
nonlooped_parent,DRL,<-10,0:1,19,6.0
nonlooped_parent,DRL,<-10,10:25,5604,2110.0
nonlooped_parent,DRL,<-10,1:5,543,367.0
nonlooped_parent,DRL,<-10,5:10,3641,1285.0
nonlooped_parent,DRL,<-10,>25,5329,1480.0
nonlooped_parent,DRL,>5,0:1,6,0.0
nonlooped_parent,DRL,>5,10:25,620,19.0
nonlooped_parent,DRL,>5,1:5,245,2.0
nonlooped_parent,DRL,>5,5:10,264,14.0
nonlooped_parent,DRL,>5,>25,508,9.0
nonlooped_parent,NBR,-0.5:0,1:5,554,193.0
nonlooped_parent,NBR,-10:-5,1:5,12,8.0
nonlooped_parent,NBR,-5:-2,1:5,12,12.0
nonlooped_parent,NBR,0:0.5,0:1,192,5.0
nonlooped_parent,NBR,0:0.5,1:5,5421,1712.0
nonlooped_parent,NBR,0:0.5,5:10,316,86.0
nonlooped_parent,NBR,<-10,1:5,20,13.0
nonlooped_parent,NQR,-0.5:0,0:1,188,90.0
nonlooped_parent,NQR,-0.5:0,10:25,2031,1235.0
nonlooped_parent,NQR,-0.5:0,1:5,633,363.0
nonlooped_parent,NQR,-0.5:0,5:10,601,429.0
nonlooped_parent,NQR,-0.5:0,>25,836,349.0
nonlooped_parent,NQR,-10:-5,0:1,272,129.0
nonlooped_parent,NQR,-10:-5,10:25,1245,749.0
nonlooped_parent,NQR,-10:-5,1:5,600,340.0
nonlooped_parent,NQR,-10:-5,5:10,547,392.0
nonlooped_parent,NQR,-10:-5,>25,240,141.0
nonlooped_parent,NQR,-1:-0.5,0:1,445,193.0
nonlooped_parent,NQR,-1:-0.5,10:25,820,597.0
nonlooped_parent,NQR,-1:-0.5,1:5,872,604.0
nonlooped_parent,NQR,-1:-0.5,5:10,210,158.0
nonlooped_parent,NQR,-1:-0.5,>25,365,198.0
nonlooped_parent,NQR,-2:-1,0:1,249,105.0
nonlooped_parent,NQR,-2:-1,10:25,1147,815.0
nonlooped_parent,NQR,-2:-1,1:5,654,384.0
nonlooped_parent,NQR,-2:-1,5:10,685,557.0
nonlooped_parent,NQR,-2:-1,>25,250,131.0
nonlooped_parent,NQR,-5:-2,0:1,318,120.0
nonlooped_parent,NQR,-5:-2,10:25,1334,663.0
nonlooped_parent,NQR,-5:-2,1:5,706,310.0
nonlooped_parent,NQR,-5:-2,5:10,369,223.0
nonlooped_parent,NQR,-5:-2,>25,428,167.0
nonlooped_parent,NQR,0.5:1,0:1,14,5.0
nonlooped_parent,NQR,0.5:1,10:25,1153,434.0
nonlooped_parent,NQR,0.5:1,1:5,125,4.0
nonlooped_parent,NQR,0.5:1,5:10,154,9.0
nonlooped_parent,NQR,0.5:1,>25,1012,293.0
nonlooped_parent,NQR,0:0.5,0:1,472,185.0
nonlooped_parent,NQR,0:0.5,10:25,1101,657.0
nonlooped_parent,NQR,0:0.5,1:5,831,498.0
nonlooped_parent,NQR,0:0.5,5:10,196,99.0
nonlooped_parent,NQR,0:0.5,>25,816,403.0
nonlooped_parent,NQR,1:2,0:1,18,4.0
nonlooped_parent,NQR,1:2,10:25,833,239.0
nonlooped_parent,NQR,1:2,1:5,170,1.0
nonlooped_parent,NQR,1:2,5:10,191,15.0
nonlooped_parent,NQR,1:2,>25,1049,264.0
nonlooped_parent,NQR,2:5,0:1,68,15.0
nonlooped_parent,NQR,2:5,10:25,2874,116.0
nonlooped_parent,NQR,2:5,1:5,1065,0.0
nonlooped_parent,NQR,2:5,5:10,1226,12.0
nonlooped_parent,NQR,2:5,>25,1969,58.0
nonlooped_parent,NQR,<-10,0:1,204,123.0
nonlooped_parent,NQR,<-10,10:25,759,460.0
nonlooped_parent,NQR,<-10,1:5,368,224.0
nonlooped_parent,NQR,<-10,5:10,319,240.0
nonlooped_parent,NQR,<-10,>25,145,93.0
nonlooped_parent,NQR,>5,0:1,166,7.0
nonlooped_parent,NQR,>5,10:25,13499,55.0
nonlooped_parent,NQR,>5,1:5,5563,1.0
nonlooped_parent,NQR,>5,5:10,7870,14.0
nonlooped_parent,NQR,>5,>25,9823,8.0
nonlooped_parent,NSR,-0.5:0,10:25,7,7.0
nonlooped_parent,NSR,-0.5:0,>25,7,5.0
nonlooped_parent,NSR,-10:-5,10:25,16,2.0
nonlooped_parent,NSR,-10:-5,5:10,13,0.0
nonlooped_parent,NSR,-10:-5,>25,3,1.0
nonlooped_parent,NSR,-2:-1,10:25,14,9.0
nonlooped_parent,NSR,-2:-1,>25,16,6.0
nonlooped_parent,NSR,-5:-2,10:25,8,6.0
nonlooped_parent,NSR,-5:-2,1:5,2,0.0
nonlooped_parent,NSR,-5:-2,>25,6,4.0
nonlooped_parent,NSR,0.5:1,10:25,48,0.0
nonlooped_parent,NSR,0:0.5,0:1,816,66.0
nonlooped_parent,NSR,0:0.5,10:25,880,42.0
nonlooped_parent,NSR,0:0.5,5:10,1056,230.0
nonlooped_parent,NSR,0:0.5,>25,4,0.0
nonlooped_parent,NSR,1:2,10:25,9,0.0
nonlooped_parent,NSR,1:2,1:5,1,0.0
nonlooped_parent,NSR,1:2,>25,12,0.0
nonlooped_parent,NSR,2:5,10:25,3,0.0
nonlooped_parent,NSR,2:5,1:5,13,0.0
nonlooped_parent,NSR,2:5,>25,1,0.0
nonlooped_parent,NSR,<-10,10:25,3,0.0
nonlooped_parent,NSR,<-10,5:10,3,0.0
nonlooped_parent,NSR,>5,0:1,100,0.0
nonlooped_parent,NSR,>5,10:25,6122,8.0
nonlooped_parent,NSR,>5,1:5,1614,0.0
nonlooped_parent,NSR,>5,>25,2375,8.0
nonlooped_parent,PBR,-0.5:0,0:1,343,151.0
nonlooped_parent,PBR,-0.5:0,10:25,1287,676.0
nonlooped_parent,PBR,-0.5:0,1:5,780,201.0
nonlooped_parent,PBR,-0.5:0,5:10,1034,463.0
nonlooped_parent,PBR,-10:-5,0:1,696,556.0
nonlooped_parent,PBR,-10:-5,10:25,2058,1500.0
nonlooped_parent,PBR,-10:-5,1:5,859,371.0
nonlooped_parent,PBR,-10:-5,5:10,638,323.0
nonlooped_parent,PBR,-1:-0.5,0:1,197,90.0
nonlooped_parent,PBR,-1:-0.5,10:25,1409,992.0
nonlooped_parent,PBR,-1:-0.5,1:5,542,231.0
nonlooped_parent,PBR,-1:-0.5,5:10,934,500.0
nonlooped_parent,PBR,-2:-1,0:1,1419,874.0
nonlooped_parent,PBR,-2:-1,10:25,4735,3643.0
nonlooped_parent,PBR,-2:-1,1:5,1514,728.0
nonlooped_parent,PBR,-2:-1,5:10,1573,886.0
nonlooped_parent,PBR,-5:-2,0:1,2399,1925.0
nonlooped_parent,PBR,-5:-2,10:25,5821,4184.0
nonlooped_parent,PBR,-5:-2,1:5,3204,1203.0
nonlooped_parent,PBR,-5:-2,5:10,1861,1144.0
nonlooped_parent,PBR,0.5:1,10:25,516,71.0
nonlooped_parent,PBR,0.5:1,1:5,198,25.0
nonlooped_parent,PBR,0.5:1,5:10,713,102.0
nonlooped_parent,PBR,0:0.5,0:1,743,59.0
nonlooped_parent,PBR,0:0.5,10:25,1790,909.0
nonlooped_parent,PBR,0:0.5,1:5,805,74.0
nonlooped_parent,PBR,0:0.5,5:10,1339,217.0
nonlooped_parent,PBR,1:2,10:25,228,17.0
nonlooped_parent,PBR,1:2,1:5,293,41.0
nonlooped_parent,PBR,1:2,5:10,843,99.0
nonlooped_parent,PBR,2:5,10:25,193,0.0
nonlooped_parent,PBR,2:5,1:5,262,38.0
nonlooped_parent,PBR,2:5,5:10,1168,137.0
nonlooped_parent,PBR,<-10,0:1,406,301.0
nonlooped_parent,PBR,<-10,10:25,1233,823.0
nonlooped_parent,PBR,<-10,1:5,477,182.0
nonlooped_parent,PBR,<-10,5:10,377,178.0
nonlooped_parent,PBR,>5,10:25,1415,0.0
nonlooped_parent,PBR,>5,1:5,11,1.0
nonlooped_parent,PBR,>5,5:10,361,46.0
nonlooped_parent,PQR,-0.5:0,0:1,638,367.0
nonlooped_parent,PQR,-0.5:0,10:25,2018,707.0
nonlooped_parent,PQR,-0.5:0,1:5,1260,639.0
nonlooped_parent,PQR,-0.5:0,5:10,1280,542.0
nonlooped_parent,PQR,-0.5:0,>25,1001,522.0
nonlooped_parent,PQR,-10:-5,0:1,1533,1237.0
nonlooped_parent,PQR,-10:-5,10:25,3843,2235.0
nonlooped_parent,PQR,-10:-5,1:5,2051,1534.0
nonlooped_parent,PQR,-10:-5,5:10,1738,1145.0
nonlooped_parent,PQR,-10:-5,>25,957,711.0
nonlooped_parent,PQR,-1:-0.5,0:1,1043,756.0
nonlooped_parent,PQR,-1:-0.5,10:25,1404,378.0
nonlooped_parent,PQR,-1:-0.5,1:5,1290,827.0
nonlooped_parent,PQR,-1:-0.5,5:10,823,247.0
nonlooped_parent,PQR,-1:-0.5,>25,639,385.0
nonlooped_parent,PQR,-2:-1,0:1,846,597.0
nonlooped_parent,PQR,-2:-1,10:25,1960,954.0
nonlooped_parent,PQR,-2:-1,1:5,1492,861.0
nonlooped_parent,PQR,-2:-1,5:10,1456,745.0
nonlooped_parent,PQR,-2:-1,>25,747,450.0
nonlooped_parent,PQR,-5:-2,0:1,1398,1062.0
nonlooped_parent,PQR,-5:-2,10:25,3777,1582.0
nonlooped_parent,PQR,-5:-2,1:5,2206,1431.0
nonlooped_parent,PQR,-5:-2,5:10,2299,1141.0
nonlooped_parent,PQR,-5:-2,>25,1224,764.0
nonlooped_parent,PQR,0.5:1,0:1,16,3.0
nonlooped_parent,PQR,0.5:1,10:25,1939,209.0
nonlooped_parent,PQR,0.5:1,1:5,553,50.0
nonlooped_parent,PQR,0.5:1,5:10,1240,174.0
nonlooped_parent,PQR,0.5:1,>25,938,319.0
nonlooped_parent,PQR,0:0.5,0:1,1141,546.0
nonlooped_parent,PQR,0:0.5,10:25,1910,432.0
nonlooped_parent,PQR,0:0.5,1:5,1537,656.0
nonlooped_parent,PQR,0:0.5,5:10,1428,328.0
nonlooped_parent,PQR,0:0.5,>25,928,516.0
nonlooped_parent,PQR,1:2,0:1,25,4.0
nonlooped_parent,PQR,1:2,10:25,1875,111.0
nonlooped_parent,PQR,1:2,1:5,736,63.0
nonlooped_parent,PQR,1:2,5:10,1812,201.0
nonlooped_parent,PQR,1:2,>25,1184,258.0
nonlooped_parent,PQR,2:5,0:1,85,9.0
nonlooped_parent,PQR,2:5,10:25,3409,98.0
nonlooped_parent,PQR,2:5,1:5,1820,53.0
nonlooped_parent,PQR,2:5,5:10,3172,210.0
nonlooped_parent,PQR,2:5,>25,2267,53.0
nonlooped_parent,PQR,<-10,0:1,747,612.0
nonlooped_parent,PQR,<-10,10:25,1361,888.0
nonlooped_parent,PQR,<-10,1:5,815,676.0
nonlooped_parent,PQR,<-10,5:10,476,310.0
nonlooped_parent,PQR,<-10,>25,302,261.0
nonlooped_parent,PQR,>5,0:1,383,8.0
nonlooped_parent,PQR,>5,10:25,14449,55.0
nonlooped_parent,PQR,>5,1:5,5892,3.0
nonlooped_parent,PQR,>5,5:10,9041,44.0
nonlooped_parent,PQR,>5,>25,9255,9.0
nonlooped_parent,PSR,-0.5:0,0:1,70,57.0
nonlooped_parent,PSR,-0.5:0,10:25,12662,7210.0
nonlooped_parent,PSR,-0.5:0,1:5,688,361.0
nonlooped_parent,PSR,-0.5:0,5:10,2080,893.0
nonlooped_parent,PSR,-0.5:0,>25,2145,1266.0
nonlooped_parent,PSR,-10:-5,0:1,872,367.0
nonlooped_parent,PSR,-10:-5,10:25,27683,14851.0
nonlooped_parent,PSR,-10:-5,1:5,830,588.0
nonlooped_parent,PSR,-10:-5,5:10,1981,1035.0
nonlooped_parent,PSR,-10:-5,>25,8195,6640.0
nonlooped_parent,PSR,-1:-0.5,0:1,138,111.0
nonlooped_parent,PSR,-1:-0.5,10:25,16249,10577.0
nonlooped_parent,PSR,-1:-0.5,1:5,873,530.0
nonlooped_parent,PSR,-1:-0.5,5:10,2164,990.0
nonlooped_parent,PSR,-1:-0.5,>25,2157,1572.0
nonlooped_parent,PSR,-2:-1,0:1,579,328.0
nonlooped_parent,PSR,-2:-1,10:25,37414,22734.0
nonlooped_parent,PSR,-2:-1,1:5,1991,1526.0
nonlooped_parent,PSR,-2:-1,5:10,4403,2327.0
nonlooped_parent,PSR,-2:-1,>25,7651,6094.0
nonlooped_parent,PSR,-5:-2,0:1,2250,740.0
nonlooped_parent,PSR,-5:-2,10:25,82069,45243.0
nonlooped_parent,PSR,-5:-2,1:5,2812,2138.0
nonlooped_parent,PSR,-5:-2,5:10,7602,4099.0
nonlooped_parent,PSR,-5:-2,>25,21915,17522.0
nonlooped_parent,PSR,0.5:1,0:1,12,3.0
nonlooped_parent,PSR,0.5:1,10:25,5576,1829.0
nonlooped_parent,PSR,0.5:1,1:5,244,69.0
nonlooped_parent,PSR,0.5:1,5:10,991,227.0
nonlooped_parent,PSR,0.5:1,>25,1089,389.0
nonlooped_parent,PSR,0:0.5,0:1,55,43.0
nonlooped_parent,PSR,0:0.5,10:25,8909,3954.0
nonlooped_parent,PSR,0:0.5,1:5,404,172.0
nonlooped_parent,PSR,0:0.5,5:10,1361,403.0
nonlooped_parent,PSR,0:0.5,>25,1525,815.0
nonlooped_parent,PSR,1:2,0:1,50,34.0
nonlooped_parent,PSR,1:2,10:25,6382,1503.0
nonlooped_parent,PSR,1:2,1:5,306,78.0
nonlooped_parent,PSR,1:2,5:10,1114,173.0
nonlooped_parent,PSR,1:2,>25,2087,309.0
nonlooped_parent,PSR,2:5,0:1,88,1.0
nonlooped_parent,PSR,2:5,10:25,6158,603.0
nonlooped_parent,PSR,2:5,1:5,635,75.0
nonlooped_parent,PSR,2:5,5:10,1202,108.0
nonlooped_parent,PSR,2:5,>25,4861,258.0
nonlooped_parent,PSR,<-10,0:1,89,48.0
nonlooped_parent,PSR,<-10,10:25,3377,2019.0
nonlooped_parent,PSR,<-10,1:5,111,91.0
nonlooped_parent,PSR,<-10,5:10,206,107.0
nonlooped_parent,PSR,<-10,>25,944,750.0
nonlooped_parent,PSR,>5,0:1,535,0.0
nonlooped_parent,PSR,>5,10:25,11352,55.0
nonlooped_parent,PSR,>5,1:5,3468,30.0
nonlooped_parent,PSR,>5,5:10,2753,42.0
nonlooped_parent,PSR,>5,>25,4180,5.0
standalone_parent,DCH,-0.5:0,10:25,1,0.0
standalone_parent,DCH,-0.5:0,>25,8,6.0
standalone_parent,DCH,-10:-5,>25,5,4.0
standalone_parent,DCH,-1:-0.5,10:25,2,0.0
standalone_parent,DCH,-1:-0.5,>25,5,2.0
standalone_parent,DCH,-2:-1,10:25,1,0.0
standalone_parent,DCH,-2:-1,5:10,1,0.0
standalone_parent,DCH,-2:-1,>25,9,5.0
standalone_parent,DCH,-5:-2,>25,13,7.0
standalone_parent,DCH,0.5:1,>25,6,2.0
standalone_parent,DCH,0:0.5,10:25,4,1.0
standalone_parent,DCH,0:0.5,5:10,1,1.0
standalone_parent,DCH,0:0.5,>25,11,8.0
standalone_parent,DCH,1:2,10:25,4,0.0
standalone_parent,DCH,1:2,5:10,9,0.0
standalone_parent,DCH,1:2,>25,2,0.0
standalone_parent,DCH,2:5,5:10,5,1.0
standalone_parent,DCH,2:5,>25,2,0.0
standalone_parent,DCH,<-10,0:1,5,5.0
standalone_parent,DCH,<-10,5:10,3,3.0
standalone_parent,DCL,-0.5:0,0:1,69,40.0
standalone_parent,DCL,-0.5:0,5:10,1,0.0
standalone_parent,DCL,-0.5:0,>25,4,1.0
standalone_parent,DCL,-10:-5,0:1,11,10.0
standalone_parent,DCL,-1:-0.5,0:1,65,52.0
standalone_parent,DCL,-1:-0.5,>25,1,0.0
standalone_parent,DCL,-2:-1,0:1,63,49.0
standalone_parent,DCL,-2:-1,>25,4,2.0
standalone_parent,DCL,-5:-2,0:1,46,45.0
standalone_parent,DCL,-5:-2,10:25,2,0.0
standalone_parent,DCL,-5:-2,1:5,1,0.0
standalone_parent,DCL,-5:-2,>25,3,1.0
standalone_parent,DCL,0.5:1,0:1,39,10.0
standalone_parent,DCL,0.5:1,>25,3,0.0
standalone_parent,DCL,0:0.5,0:1,57,28.0
standalone_parent,DCL,0:0.5,5:10,1,0.0
standalone_parent,DCL,0:0.5,>25,2,1.0
standalone_parent,DCL,1:2,0:1,15,6.0
standalone_parent,DCL,1:2,>25,5,0.0
standalone_parent,DCL,2:5,0:1,1,0.0
standalone_parent,DCL,2:5,>25,11,0.0
standalone_parent,DCL,<-10,0:1,3,3.0
standalone_parent,DMH,-0.5:0,10:25,16,2.0
standalone_parent,DMH,-0.5:0,1:5,1,0.0
standalone_parent,DMH,-0.5:0,5:10,6,1.0
standalone_parent,DMH,-0.5:0,>25,21,5.0
standalone_parent,DMH,-10:-5,10:25,1,0.0
standalone_parent,DMH,-10:-5,5:10,4,1.0
standalone_parent,DMH,-10:-5,>25,7,3.0
standalone_parent,DMH,-1:-0.5,10:25,16,7.0
standalone_parent,DMH,-1:-0.5,5:10,5,1.0
standalone_parent,DMH,-1:-0.5,>25,26,7.0
standalone_parent,DMH,-2:-1,10:25,21,9.0
standalone_parent,DMH,-2:-1,5:10,6,0.0
standalone_parent,DMH,-2:-1,>25,27,7.0
standalone_parent,DMH,-5:-2,10:25,20,11.0
standalone_parent,DMH,-5:-2,1:5,2,0.0
standalone_parent,DMH,-5:-2,5:10,11,5.0
standalone_parent,DMH,-5:-2,>25,22,11.0
standalone_parent,DMH,0.5:1,10:25,17,0.0
standalone_parent,DMH,0.5:1,5:10,9,0.0
standalone_parent,DMH,0.5:1,>25,29,5.0
standalone_parent,DMH,0:0.5,10:25,15,2.0
standalone_parent,DMH,0:0.5,5:10,5,0.0
standalone_parent,DMH,0:0.5,>25,27,3.0
standalone_parent,DMH,1:2,10:25,28,3.0
standalone_parent,DMH,1:2,1:5,2,0.0
standalone_parent,DMH,1:2,5:10,15,5.0
standalone_parent,DMH,1:2,>25,65,16.0
standalone_parent,DMH,2:5,10:25,47,1.0
standalone_parent,DMH,2:5,1:5,2,0.0
standalone_parent,DMH,2:5,5:10,18,3.0
standalone_parent,DMH,2:5,>25,81,24.0
standalone_parent,DMH,<-10,0:1,1,1.0
standalone_parent,DMH,<-10,5:10,2,0.0
standalone_parent,DMH,<-10,>25,2,0.0
standalone_parent,DMH,>5,10:25,35,0.0
standalone_parent,DMH,>5,1:5,1,0.0
standalone_parent,DMH,>5,5:10,3,1.0
standalone_parent,DMH,>5,>25,12,0.0
standalone_parent,DML,-0.5:0,10:25,34,0.0
standalone_parent,DML,-0.5:0,5:10,8,0.0
standalone_parent,DML,-0.5:0,>25,47,0.0
standalone_parent,DML,-10:-5,0:1,1,0.0
standalone_parent,DML,-10:-5,10:25,85,1.0
standalone_parent,DML,-10:-5,5:10,10,0.0
standalone_parent,DML,-10:-5,>25,70,9.0
standalone_parent,DML,-1:-0.5,10:25,26,0.0
standalone_parent,DML,-1:-0.5,5:10,7,0.0
standalone_parent,DML,-1:-0.5,>25,44,0.0
standalone_parent,DML,-2:-1,10:25,96,0.0
standalone_parent,DML,-2:-1,5:10,11,0.0
standalone_parent,DML,-2:-1,>25,88,0.0
standalone_parent,DML,-5:-2,10:25,279,6.0
standalone_parent,DML,-5:-2,1:5,1,1.0
standalone_parent,DML,-5:-2,5:10,27,2.0
standalone_parent,DML,-5:-2,>25,250,4.0
standalone_parent,DML,0.5:1,10:25,30,0.0
standalone_parent,DML,0.5:1,5:10,5,0.0
standalone_parent,DML,0.5:1,>25,31,0.0
standalone_parent,DML,0:0.5,10:25,26,0.0
standalone_parent,DML,0:0.5,5:10,5,0.0
standalone_parent,DML,0:0.5,>25,37,0.0
standalone_parent,DML,1:2,10:25,63,2.0
standalone_parent,DML,1:2,5:10,10,0.0
standalone_parent,DML,1:2,>25,66,0.0
standalone_parent,DML,2:5,10:25,105,0.0
standalone_parent,DML,2:5,5:10,17,1.0
standalone_parent,DML,2:5,>25,144,0.0
standalone_parent,DML,<-10,10:25,1,1.0
standalone_parent,DML,<-10,1:5,10,10.0
standalone_parent,DML,<-10,5:10,18,18.0
standalone_parent,DML,<-10,>25,2,0.0
standalone_parent,DML,>5,10:25,640,0.0
standalone_parent,DML,>5,1:5,5,0.0
standalone_parent,DML,>5,5:10,28,0.0
standalone_parent,DML,>5,>25,364,0.0
standalone_parent,DRH,-0.5:0,10:25,54,12.0
standalone_parent,DRH,-0.5:0,1:5,9,1.0
standalone_parent,DRH,-0.5:0,5:10,27,7.0
standalone_parent,DRH,-0.5:0,>25,96,12.0
standalone_parent,DRH,-10:-5,0:1,2,2.0
standalone_parent,DRH,-10:-5,10:25,190,140.0
standalone_parent,DRH,-10:-5,1:5,49,43.0
standalone_parent,DRH,-10:-5,5:10,124,95.0
standalone_parent,DRH,-10:-5,>25,105,25.0
standalone_parent,DRH,-1:-0.5,10:25,47,15.0
standalone_parent,DRH,-1:-0.5,1:5,5,1.0
standalone_parent,DRH,-1:-0.5,5:10,26,10.0
standalone_parent,DRH,-1:-0.5,>25,66,10.0
standalone_parent,DRH,-2:-1,10:25,136,60.0
standalone_parent,DRH,-2:-1,1:5,12,5.0
standalone_parent,DRH,-2:-1,5:10,39,19.0
standalone_parent,DRH,-2:-1,>25,189,40.0
standalone_parent,DRH,-5:-2,0:1,2,0.0
standalone_parent,DRH,-5:-2,10:25,255,151.0
standalone_parent,DRH,-5:-2,1:5,43,25.0
standalone_parent,DRH,-5:-2,5:10,112,72.0
standalone_parent,DRH,-5:-2,>25,250,64.0
standalone_parent,DRH,0.5:1,10:25,51,4.0
standalone_parent,DRH,0.5:1,1:5,5,0.0
standalone_parent,DRH,0.5:1,5:10,14,0.0
standalone_parent,DRH,0.5:1,>25,75,10.0
standalone_parent,DRH,0:0.5,10:25,54,10.0
standalone_parent,DRH,0:0.5,1:5,9,2.0
standalone_parent,DRH,0:0.5,5:10,23,7.0
standalone_parent,DRH,0:0.5,>25,99,18.0
standalone_parent,DRH,1:2,10:25,79,8.0
standalone_parent,DRH,1:2,1:5,17,2.0
standalone_parent,DRH,1:2,5:10,56,6.0
standalone_parent,DRH,1:2,>25,182,12.0
standalone_parent,DRH,2:5,10:25,197,9.0
standalone_parent,DRH,2:5,1:5,20,0.0
standalone_parent,DRH,2:5,5:10,62,8.0
standalone_parent,DRH,2:5,>25,354,9.0
standalone_parent,DRH,<-10,0:1,1,1.0
standalone_parent,DRH,<-10,10:25,130,94.0
standalone_parent,DRH,<-10,1:5,30,21.0
standalone_parent,DRH,<-10,5:10,94,67.0
standalone_parent,DRH,<-10,>25,73,21.0
standalone_parent,DRH,>5,10:25,359,2.0
standalone_parent,DRH,>5,1:5,21,0.0
standalone_parent,DRH,>5,5:10,102,2.0
standalone_parent,DRH,>5,>25,656,7.0
standalone_parent,DRL,-0.5:0,0:1,1,0.0
standalone_parent,DRL,-0.5:0,10:25,18,6.0
standalone_parent,DRL,-0.5:0,5:10,11,2.0
standalone_parent,DRL,-0.5:0,>25,26,4.0
standalone_parent,DRL,-10:-5,10:25,500,222.0
standalone_parent,DRL,-10:-5,1:5,4,0.0
standalone_parent,DRL,-10:-5,5:10,456,143.0
standalone_parent,DRL,-10:-5,>25,490,226.0
standalone_parent,DRL,-1:-0.5,0:1,1,0.0
standalone_parent,DRL,-1:-0.5,10:25,19,7.0
standalone_parent,DRL,-1:-0.5,1:5,1,1.0
standalone_parent,DRL,-1:-0.5,5:10,11,2.0
standalone_parent,DRL,-1:-0.5,>25,22,3.0
standalone_parent,DRL,-2:-1,10:25,41,9.0
standalone_parent,DRL,-2:-1,1:5,2,0.0
standalone_parent,DRL,-2:-1,5:10,30,6.0
standalone_parent,DRL,-2:-1,>25,59,21.0
standalone_parent,DRL,-5:-2,10:25,179,37.0
standalone_parent,DRL,-5:-2,1:5,5,1.0
standalone_parent,DRL,-5:-2,5:10,125,35.0
standalone_parent,DRL,-5:-2,>25,189,76.0
standalone_parent,DRL,0.5:1,10:25,14,4.0
standalone_parent,DRL,0.5:1,1:5,2,1.0
standalone_parent,DRL,0.5:1,5:10,19,4.0
standalone_parent,DRL,0.5:1,>25,35,9.0
standalone_parent,DRL,0:0.5,10:25,27,1.0
standalone_parent,DRL,0:0.5,1:5,2,0.0
standalone_parent,DRL,0:0.5,5:10,22,4.0
standalone_parent,DRL,0:0.5,>25,26,8.0
standalone_parent,DRL,1:2,0:1,1,0.0
standalone_parent,DRL,1:2,10:25,49,11.0
standalone_parent,DRL,1:2,1:5,4,0.0
standalone_parent,DRL,1:2,5:10,33,7.0
standalone_parent,DRL,1:2,>25,60,9.0
standalone_parent,DRL,2:5,0:1,3,0.0
standalone_parent,DRL,2:5,10:25,130,11.0
standalone_parent,DRL,2:5,1:5,5,0.0
standalone_parent,DRL,2:5,5:10,74,13.0
standalone_parent,DRL,2:5,>25,180,16.0
standalone_parent,DRL,<-10,10:25,1401,687.0
standalone_parent,DRL,<-10,1:5,8,7.0
standalone_parent,DRL,<-10,5:10,1354,459.0
standalone_parent,DRL,<-10,>25,1408,743.0
standalone_parent,DRL,>5,0:1,5,0.0
standalone_parent,DRL,>5,10:25,488,16.0
standalone_parent,DRL,>5,1:5,29,1.0
standalone_parent,DRL,>5,5:10,187,9.0
standalone_parent,DRL,>5,>25,448,6.0
standalone_parent,NQR,-0.5:0,0:1,47,18.0
standalone_parent,NQR,-0.5:0,10:25,1125,487.0
standalone_parent,NQR,-0.5:0,1:5,97,15.0
standalone_parent,NQR,-0.5:0,5:10,185,31.0
standalone_parent,NQR,-0.5:0,>25,631,230.0
standalone_parent,NQR,-10:-5,0:1,55,24.0
standalone_parent,NQR,-10:-5,10:25,391,184.0
standalone_parent,NQR,-10:-5,1:5,76,13.0
standalone_parent,NQR,-10:-5,5:10,162,53.0
standalone_parent,NQR,-10:-5,>25,157,62.0
standalone_parent,NQR,-1:-0.5,0:1,56,7.0
standalone_parent,NQR,-1:-0.5,10:25,321,180.0
standalone_parent,NQR,-1:-0.5,1:5,67,26.0
standalone_parent,NQR,-1:-0.5,5:10,87,45.0
standalone_parent,NQR,-1:-0.5,>25,207,73.0
standalone_parent,NQR,-2:-1,0:1,32,11.0
standalone_parent,NQR,-2:-1,10:25,357,150.0
standalone_parent,NQR,-2:-1,1:5,74,14.0
standalone_parent,NQR,-2:-1,5:10,145,58.0
standalone_parent,NQR,-2:-1,>25,159,61.0
standalone_parent,NQR,-5:-2,0:1,58,19.0
standalone_parent,NQR,-5:-2,10:25,435,150.0
standalone_parent,NQR,-5:-2,1:5,102,16.0
standalone_parent,NQR,-5:-2,5:10,125,39.0
standalone_parent,NQR,-5:-2,>25,320,91.0
standalone_parent,NQR,0.5:1,0:1,13,5.0
standalone_parent,NQR,0.5:1,10:25,652,164.0
standalone_parent,NQR,0.5:1,1:5,101,3.0
standalone_parent,NQR,0.5:1,5:10,123,4.0
standalone_parent,NQR,0.5:1,>25,639,146.0
standalone_parent,NQR,0:0.5,0:1,110,7.0
standalone_parent,NQR,0:0.5,10:25,447,173.0
standalone_parent,NQR,0:0.5,1:5,66,11.0
standalone_parent,NQR,0:0.5,5:10,81,13.0
standalone_parent,NQR,0:0.5,>25,396,118.0
standalone_parent,NQR,1:2,0:1,17,4.0
standalone_parent,NQR,1:2,10:25,281,60.0
standalone_parent,NQR,1:2,1:5,98,1.0
standalone_parent,NQR,1:2,5:10,109,6.0
standalone_parent,NQR,1:2,>25,397,80.0
standalone_parent,NQR,2:5,0:1,61,15.0
standalone_parent,NQR,2:5,10:25,1918,75.0
standalone_parent,NQR,2:5,1:5,643,0.0
standalone_parent,NQR,2:5,5:10,906,11.0
standalone_parent,NQR,2:5,>25,1032,31.0
standalone_parent,NQR,<-10,0:1,35,20.0
standalone_parent,NQR,<-10,10:25,218,124.0
standalone_parent,NQR,<-10,1:5,50,19.0
standalone_parent,NQR,<-10,5:10,102,55.0
standalone_parent,NQR,<-10,>25,84,35.0
standalone_parent,NQR,>5,0:1,141,7.0
standalone_parent,NQR,>5,10:25,10910,55.0
standalone_parent,NQR,>5,1:5,4068,1.0
standalone_parent,NQR,>5,5:10,6437,14.0
standalone_parent,NQR,>5,>25,8571,8.0
standalone_parent,NSR,-0.5:0,10:25,7,7.0
standalone_parent,NSR,-0.5:0,>25,7,5.0
standalone_parent,NSR,-10:-5,10:25,16,2.0
standalone_parent,NSR,-10:-5,5:10,13,0.0
standalone_parent,NSR,-10:-5,>25,3,1.0
standalone_parent,NSR,-2:-1,10:25,14,9.0
standalone_parent,NSR,-2:-1,>25,16,6.0
standalone_parent,NSR,-5:-2,10:25,8,6.0
standalone_parent,NSR,-5:-2,>25,6,4.0
standalone_parent,NSR,0:0.5,10:25,736,0.0
standalone_parent,NSR,0:0.5,5:10,752,0.0
standalone_parent,NSR,2:5,10:25,2,0.0
standalone_parent,NSR,2:5,>25,1,0.0
standalone_parent,NSR,<-10,10:25,3,0.0
standalone_parent,NSR,<-10,5:10,3,0.0
standalone_parent,NSR,>5,10:25,3382,8.0
standalone_parent,NSR,>5,>25,2375,8.0
standalone_parent,PBR,-0.5:0,0:1,237,114.0
standalone_parent,PBR,-0.5:0,10:25,1162,551.0
standalone_parent,PBR,-0.5:0,1:5,283,122.0
standalone_parent,PBR,-0.5:0,5:10,1025,461.0
standalone_parent,PBR,-10:-5,0:1,365,332.0
standalone_parent,PBR,-10:-5,10:25,1664,1106.0
standalone_parent,PBR,-10:-5,1:5,150,63.0
standalone_parent,PBR,-10:-5,5:10,607,302.0
standalone_parent,PBR,-1:-0.5,0:1,72,47.0
standalone_parent,PBR,-1:-0.5,10:25,1185,768.0
standalone_parent,PBR,-1:-0.5,1:5,360,193.0
standalone_parent,PBR,-1:-0.5,5:10,928,496.0
standalone_parent,PBR,-2:-1,0:1,536,455.0
standalone_parent,PBR,-2:-1,10:25,3539,2447.0
standalone_parent,PBR,-2:-1,1:5,516,339.0
standalone_parent,PBR,-2:-1,5:10,1536,874.0
standalone_parent,PBR,-5:-2,0:1,1390,1207.0
standalone_parent,PBR,-5:-2,10:25,4850,3213.0
standalone_parent,PBR,-5:-2,1:5,406,253.0
standalone_parent,PBR,-5:-2,5:10,1698,1101.0
standalone_parent,PBR,0.5:1,10:25,516,71.0
standalone_parent,PBR,0.5:1,1:5,198,25.0
standalone_parent,PBR,0.5:1,5:10,713,102.0
standalone_parent,PBR,0:0.5,0:1,286,38.0
standalone_parent,PBR,0:0.5,10:25,1228,347.0
standalone_parent,PBR,0:0.5,1:5,347,52.0
standalone_parent,PBR,0:0.5,5:10,1291,217.0
standalone_parent,PBR,1:2,10:25,228,17.0
standalone_parent,PBR,1:2,1:5,293,41.0
standalone_parent,PBR,1:2,5:10,843,99.0
standalone_parent,PBR,2:5,10:25,193,0.0
standalone_parent,PBR,2:5,1:5,262,38.0
standalone_parent,PBR,2:5,5:10,1168,137.0
standalone_parent,PBR,<-10,0:1,209,186.0
standalone_parent,PBR,<-10,10:25,1009,599.0
standalone_parent,PBR,<-10,1:5,100,30.0
standalone_parent,PBR,<-10,5:10,355,174.0
standalone_parent,PBR,>5,10:25,1415,0.0
standalone_parent,PBR,>5,1:5,11,1.0
standalone_parent,PBR,>5,5:10,361,46.0
standalone_parent,PQR,-0.5:0,0:1,468,282.0
standalone_parent,PQR,-0.5:0,10:25,1492,340.0
standalone_parent,PQR,-0.5:0,1:5,660,282.0
standalone_parent,PQR,-0.5:0,5:10,936,247.0
standalone_parent,PQR,-0.5:0,>25,542,200.0
standalone_parent,PQR,-10:-5,0:1,1125,1072.0
standalone_parent,PQR,-10:-5,10:25,2702,1604.0
standalone_parent,PQR,-10:-5,1:5,1174,979.0
standalone_parent,PQR,-10:-5,5:10,1291,755.0
standalone_parent,PQR,-10:-5,>25,350,194.0
standalone_parent,PQR,-1:-0.5,0:1,823,625.0
standalone_parent,PQR,-1:-0.5,10:25,1135,224.0
standalone_parent,PQR,-1:-0.5,1:5,739,455.0
standalone_parent,PQR,-1:-0.5,5:10,730,190.0
standalone_parent,PQR,-1:-0.5,>25,241,86.0
standalone_parent,PQR,-2:-1,0:1,642,501.0
standalone_parent,PQR,-2:-1,10:25,1291,477.0
standalone_parent,PQR,-2:-1,1:5,815,492.0
standalone_parent,PQR,-2:-1,5:10,1017,359.0
standalone_parent,PQR,-2:-1,>25,353,171.0
standalone_parent,PQR,-5:-2,0:1,1045,875.0
standalone_parent,PQR,-5:-2,10:25,2845,1140.0
standalone_parent,PQR,-5:-2,1:5,1396,959.0
standalone_parent,PQR,-5:-2,5:10,1933,848.0
standalone_parent,PQR,-5:-2,>25,491,226.0
standalone_parent,PQR,0.5:1,0:1,8,3.0
standalone_parent,PQR,0.5:1,10:25,1767,175.0
standalone_parent,PQR,0.5:1,1:5,468,50.0
standalone_parent,PQR,0.5:1,5:10,1198,168.0
standalone_parent,PQR,0.5:1,>25,463,84.0
standalone_parent,PQR,0:0.5,0:1,906,423.0
standalone_parent,PQR,0:0.5,10:25,1578,229.0
standalone_parent,PQR,0:0.5,1:5,1030,358.0
standalone_parent,PQR,0:0.5,5:10,1343,284.0
standalone_parent,PQR,0:0.5,>25,309,84.0
standalone_parent,PQR,1:2,0:1,13,4.0
standalone_parent,PQR,1:2,10:25,1607,85.0
standalone_parent,PQR,1:2,1:5,570,62.0
standalone_parent,PQR,1:2,5:10,1724,201.0
standalone_parent,PQR,1:2,>25,475,57.0
standalone_parent,PQR,2:5,0:1,55,9.0
standalone_parent,PQR,2:5,10:25,2660,78.0
standalone_parent,PQR,2:5,1:5,1282,53.0
standalone_parent,PQR,2:5,5:10,2803,210.0
standalone_parent,PQR,2:5,>25,1296,23.0
standalone_parent,PQR,<-10,0:1,568,558.0
standalone_parent,PQR,<-10,10:25,1089,676.0
standalone_parent,PQR,<-10,1:5,434,386.0
standalone_parent,PQR,<-10,5:10,319,165.0
standalone_parent,PQR,<-10,>25,100,66.0
standalone_parent,PQR,>5,0:1,279,8.0
standalone_parent,PQR,>5,10:25,12367,55.0
standalone_parent,PQR,>5,1:5,5099,3.0
standalone_parent,PQR,>5,5:10,7994,44.0
standalone_parent,PQR,>5,>25,8247,9.0
standalone_parent,PSR,-0.5:0,0:1,31,24.0
standalone_parent,PSR,-0.5:0,10:25,12651,7203.0
standalone_parent,PSR,-0.5:0,1:5,686,361.0
standalone_parent,PSR,-0.5:0,5:10,2077,890.0
standalone_parent,PSR,-0.5:0,>25,2115,1236.0
standalone_parent,PSR,-10:-5,0:1,40,32.0
standalone_parent,PSR,-10:-5,10:25,27562,14842.0
standalone_parent,PSR,-10:-5,1:5,829,588.0
standalone_parent,PSR,-10:-5,5:10,1917,982.0
standalone_parent,PSR,-10:-5,>25,7515,5960.0
standalone_parent,PSR,-1:-0.5,0:1,59,45.0
standalone_parent,PSR,-1:-0.5,10:25,16212,10551.0
standalone_parent,PSR,-1:-0.5,1:5,847,530.0
standalone_parent,PSR,-1:-0.5,5:10,2154,983.0
standalone_parent,PSR,-1:-0.5,>25,2081,1496.0
standalone_parent,PSR,-2:-1,0:1,91,62.0
standalone_parent,PSR,-2:-1,10:25,37297,22663.0
standalone_parent,PSR,-2:-1,1:5,1990,1526.0
standalone_parent,PSR,-2:-1,5:10,4397,2323.0
standalone_parent,PSR,-2:-1,>25,7279,5722.0
standalone_parent,PSR,-5:-2,0:1,140,105.0
standalone_parent,PSR,-5:-2,10:25,81536,45160.0
standalone_parent,PSR,-5:-2,1:5,2784,2138.0
standalone_parent,PSR,-5:-2,5:10,7376,3937.0
standalone_parent,PSR,-5:-2,>25,20285,15892.0
standalone_parent,PSR,0.5:1,0:1,12,3.0
standalone_parent,PSR,0.5:1,10:25,5572,1829.0
standalone_parent,PSR,0.5:1,1:5,216,69.0
standalone_parent,PSR,0.5:1,5:10,991,227.0
standalone_parent,PSR,0.5:1,>25,1089,389.0
standalone_parent,PSR,0:0.5,0:1,25,18.0
standalone_parent,PSR,0:0.5,10:25,8907,3954.0
standalone_parent,PSR,0:0.5,1:5,404,172.0
standalone_parent,PSR,0:0.5,5:10,1361,403.0
standalone_parent,PSR,0:0.5,>25,1499,797.0
standalone_parent,PSR,1:2,0:1,49,34.0
standalone_parent,PSR,1:2,10:25,6373,1503.0
standalone_parent,PSR,1:2,1:5,273,78.0
standalone_parent,PSR,1:2,5:10,1105,173.0
standalone_parent,PSR,1:2,>25,2087,309.0
standalone_parent,PSR,2:5,0:1,23,1.0
standalone_parent,PSR,2:5,10:25,6073,603.0
standalone_parent,PSR,2:5,1:5,318,75.0
standalone_parent,PSR,2:5,5:10,1189,108.0
standalone_parent,PSR,2:5,>25,4861,258.0
standalone_parent,PSR,<-10,0:1,12,7.0
standalone_parent,PSR,<-10,10:25,3361,2012.0
standalone_parent,PSR,<-10,1:5,111,91.0
standalone_parent,PSR,<-10,5:10,204,106.0
standalone_parent,PSR,<-10,>25,870,676.0
standalone_parent,PSR,>5,0:1,112,0.0
standalone_parent,PSR,>5,10:25,6451,55.0
standalone_parent,PSR,>5,1:5,940,30.0
standalone_parent,PSR,>5,5:10,2302,42.0
standalone_parent,PSR,>5,>25,4180,5.0
