settlement_date,evaluation_segment,perfect_foresight_margin_gbp,forecast_strategy_margin_gbp,naive_strategy_margin_gbp,reserve_aware_forecast_margin_gbp,reserve_corridor_feasible,mean_reserve_corridor_width_mwh
2025-05-01,development_oof,3132.9288452927794,2176.7415020968156,1826.1752496539182,2296.3468102239012,True,119.60153970841964
2025-05-02,development_oof,4447.261136132681,3054.9054246049027,2555.526556440631,2788.232624123648,True,119.79234004186982
2025-05-03,development_oof,7014.254111978029,3188.5251726407187,1334.959395333378,3233.1370380976114,True,115.03310881192353
2025-05-04,development_oof,7477.370789349419,4752.628961742502,6307.510059125085,3133.9015975565026,True,115.84114562970858
2025-05-05,development_oof,1275.8487543696385,-975.1258567130383,-2523.1423538821364,-954.0374554130333,True,119.0089699899933
2025-05-06,development_oof,4020.2337481443483,3308.188654625522,1838.4277678417213,3033.502759197653,True,123.23631226205309
2025-05-07,development_oof,4734.326590647077,3792.371234598845,4218.489057168979,3482.436356349977,True,121.91609491553167
2025-05-08,development_oof,3613.5879638409197,2635.161782164704,2402.5293258425154,2246.6078197234174,True,122.8573516775353
2025-05-09,development_oof,4256.294381138017,1445.345438759951,120.56310489156817,1667.38040622101,True,119.55151011951178
2025-05-10,development_oof,3660.88498426464,2152.3317150080047,2936.039534253036,2099.793514583621,True,116.75252301675162
2025-05-11,development_oof,4659.392228506916,1014.2300096931,1411.3846698879138,604.4606916804051,True,115.9954407816179
2025-05-12,development_oof,2769.7756342307694,252.7142992183343,-3920.06626874321,222.8604567106048,True,118.2344995381864
2025-05-13,development_oof,5151.541546584669,4433.406410484033,2305.575975983389,4017.1799472913835,True,117.87014949599846
2025-05-14,development_oof,1414.0833333333392,500.3119084120517,-159.01587208289106,687.383434743336,True,115.07610094903949
2025-05-15,development_oof,2551.9897737868027,-575.854764946735,556.0972222222279,-465.93118728474286,True,117.10047904535861
2025-05-16,development_oof,5627.253569765336,4816.2605119186,850.5494030986677,3986.5493413102754,True,117.48860439523305
2025-05-17,development_oof,9285.8232893314,6938.846877263313,6500.78247374187,6558.960188458719,True,119.32103839956285
2025-05-18,development_oof,5953.27063891499,5349.812098815125,5258.967232522193,4670.718211099704,True,119.26445989901231
2025-05-19,development_oof,3252.693207898177,2502.656233666781,2493.680446382534,1987.0944480963572,True,120.15181678980825
2025-05-20,development_oof,2430.445205124142,2119.5982004766333,1229.7495654378183,1795.2121045530887,True,122.10757425562339
2025-05-21,development_oof,4549.202003187069,3759.881559968382,3098.212952284231,3173.0441334380057,True,122.39852026505615
2025-05-22,development_oof,1160.0277777777806,628.5544875540982,-136.19012608287767,536.1913063446615,True,122.65995364829557
2025-05-23,development_oof,1359.05849652445,857.5376549388384,948.180555555558,645.1938108344384,True,121.02790937378767
2025-05-24,development_oof,9851.333521341765,3669.685879910261,1721.2290079974393,2375.5148981723173,True,112.33952938046188
2025-05-25,development_oof,6847.557155629404,4418.520463899787,2705.253048150432,3352.6076139314882,True,106.16569598886822
2025-05-26,development_oof,9712.609695433577,7990.492456930131,5607.677944008582,5818.0656172068275,True,106.72621951606838
2025-05-27,development_oof,7211.554035146253,-5386.843941348423,-5907.471144647541,-3403.673349601935,True,109.90534345351826
2025-05-28,development_oof,1246.375,455.53023866324696,-1199.3465853347607,545.3552184531763,True,114.34557140175927
2025-05-29,development_oof,12416.058060359117,7448.771499744091,2323.25,5930.527519178074,True,107.37370738550096
2025-05-30,development_oof,4930.699541936094,1736.3249090556308,650.6961938212212,1535.0860847323986,True,111.66727771309736
2025-05-31,development_oof,10774.704033666725,7439.577362034169,2374.98430647861,4891.137980429034,True,107.5116964989969
2025-06-01,development_oof,10096.815649983617,6440.3781458473995,6351.570903024176,5335.526357666704,True,104.10279400071107
2025-06-02,development_oof,6234.345137114401,-189.96299346767228,-1905.9330696877691,552.9419160924749,True,105.75878907331575
2025-06-03,development_oof,11316.649403401032,10621.333402923387,650.6535568325736,8342.169405449886,True,100.6694440687312
2025-06-04,development_oof,10096.89753347596,7416.3221765370445,7446.873293225725,6756.316778576251,True,105.52811034147585
2025-06-05,development_oof,4168.079369032255,54.1814570386598,1734.060161122204,423.9428988605421,True,113.8139346093546
2025-06-06,development_oof,7405.265221710403,3762.732743265229,2782.5875826289434,3718.2874887710364,True,111.17477479717853
2025-06-07,development_oof,2035.4059961796352,1241.7455858093417,-326.8713311589572,1217.662778191987,True,116.6131693906961
2025-06-08,development_oof,11643.69674773171,401.1945862436012,-5114.218235515957,-225.96524563990386,True,106.75487802445589
2025-06-09,development_oof,4377.638254799225,564.765000123087,-5912.185721341819,889.8404335434319,True,116.20611754152027
2025-06-10,development_oof,6503.051244614468,3797.2398541850416,-1214.3734575536891,3082.4837246107336,True,108.63755551430545
2025-06-11,development_oof,1960.7384872981893,619.4269459452042,543.7580982180042,589.8397200714583,True,111.30837935844464
2025-06-12,development_oof,4405.7249999999985,1863.018056427687,3432.40003668172,1826.9612208490007,True,106.72251431219775
2025-06-13,development_oof,10100.374163806799,8640.713528358017,3593.625,7502.433793770186,True,109.85382868313907
2025-06-14,development_oof,14217.144532081737,10137.774090261944,8096.620063509079,7494.251108461787,True,107.32558092232283
2025-06-15,development_oof,7106.7333982200835,6510.7947780858885,5428.830285787637,4893.6429154225,True,107.30689695645697
2025-06-16,development_oof,5962.067327622938,3271.349359442622,707.6953164472449,2977.8847729907734,True,109.5624296593066
2025-06-17,development_oof,5834.831742015715,5051.783461362577,3385.0946542734937,4107.915484227088,True,105.53178100088947
2025-06-18,development_oof,3215.8085387614447,2947.8063225618653,2132.7112943356115,2671.2209616141668,True,113.82722595137834
2025-06-19,development_oof,2433.135139304267,1756.0434009377814,1381.252229238475,1873.7975598844087,True,114.90130512160813
2025-06-20,development_oof,3475.443841602174,1536.161128833156,619.2309313735216,1600.7141726394464,True,113.93225231091522
2025-06-21,development_oof,1918.9228011166383,-1499.3016604212166,-3112.456166509003,-1706.9702640649987,True,109.14225868391775
2025-06-22,development_oof,19240.845312507256,8333.377496450496,8974.667630727856,5033.7368892858485,True,98.84325594584767
2025-06-23,development_oof,9955.539862578424,8487.574263325974,6962.390800380408,6049.698816540537,True,94.08510180403466
2025-06-24,development_oof,11128.40815718396,8533.515864233768,5894.292291545952,6522.815023195788,True,102.5939010344448
2025-06-25,development_oof,6505.833942623172,4443.839076027873,3998.7231406587066,4386.49490048857,True,116.8102877148458
2025-06-26,development_oof,10756.698371980503,7586.594859479867,5433.764160522012,5360.304549989512,True,100.88942739732467
2025-06-27,development_oof,10815.975958828432,6700.183053505734,4444.986231719885,5621.950093262447,True,95.44793789478479
2025-06-28,development_oof,13871.558193923474,12315.458494230597,9996.36050113057,9118.561678849184,True,95.47706923515534
2025-06-29,development_oof,8837.127811152419,-7867.892719015529,-9400.915585888368,-6557.539029086637,True,115.85952436282336
2025-06-30,development_oof,9599.16164265673,6205.140437114887,-2913.5862760061573,5239.837795652977,True,104.97371311920597
2025-07-01,development_oof,12830.63478189638,10275.780162176821,11973.488145381638,9491.044844621423,True,116.68984087854726
2025-07-02,development_oof,1615.9305555555577,-184.43686542387604,-992.0969091006125,-52.31356201566064,True,113.72575245265409
2025-07-03,development_oof,3011.2695791456545,1536.4562906466024,934.4722222222256,984.4754234302472,True,102.78995668302461
2025-07-04,development_oof,14158.122231749781,11944.5507627693,9972.579122786217,7994.734678797785,True,93.23152586889893
2025-07-05,development_oof,9167.449543576882,5638.367653170686,5570.5074936489555,2906.784106807592,True,93.18760609357662
2025-07-06,development_oof,1407.4244574419536,-463.1786381405742,-2279.6226622388913,-133.9161614945382,True,111.07191518399326
2025-07-07,development_oof,10089.720462480735,8532.16653898011,2014.5306462150475,6070.160885973372,True,95.08616650231329
2025-07-08,development_oof,3973.732963536946,3338.1143155011605,2473.0437583026783,2862.0356375362117,True,108.47236245463755
2025-07-09,development_oof,1961.2290592983675,1019.6996614711643,872.0624430604967,926.9328048711782,True,113.06320227356332
2025-07-10,development_oof,2232.682755492466,1219.8378591494657,1527.7844063229816,1182.845671614999,True,115.02616053335112
2025-07-11,development_oof,2711.365578387267,2673.3482825384926,1346.8998442293564,2021.1211300092814,True,115.18301412679602
2025-07-12,development_oof,3665.3049894151573,3389.0075065695764,3334.1281943935196,2550.7891730745755,True,112.62889044029764
2025-07-13,development_oof,3728.2030571162527,2705.734925906081,2711.855744214381,1866.6559771743946,True,113.82198589791606
2025-07-14,development_oof,2206.488226188369,587.0191988461229,-294.90228193828943,-190.62165418210702,True,102.41070712780338
2025-07-15,development_oof,3721.7604892083714,3204.662348103529,2194.2771254191434,2406.908718148761,True,103.28648320146999
2025-07-16,development_oof,3145.609235081166,1351.9456456675885,-96.84218580362403,1104.961217795857,True,113.25339774480487
2025-07-17,development_oof,1123.4583333333364,702.5298425068703,280.15775673010535,593.1873770111067,True,117.68522036290524
2025-07-18,development_oof,885.0608318935888,31.651378932674447,-325.91666666666356,139.90452322856754,True,114.84681108179011
2025-07-19,development_oof,1195.9722222222254,241.73871158518295,-207.7320088245719,-1.9301398501341396,True,121.51853163954172
2025-07-20,development_oof,1430.7248150715739,-1636.4740493835288,-214.9583333333294,-784.6136437351458,True,112.87194300885756
2025-07-21,development_oof,793.3698098398918,-489.3295787201987,-1211.206633493069,-470.5317982246756,True,117.79465771981131
2025-07-22,development_oof,1458.6833592471833,-1302.4196393895581,669.5797116166877,-929.850916384714,True,111.69600149297317
2025-07-23,development_oof,2489.0879796574472,715.8030027729691,493.9780245102786,465.67908030114506,True,114.96942323962986
2025-07-24,development_oof,542.1315233471344,122.87313563020501,-338.5979655856984,69.09044238937577,True,117.85041021860017
2025-07-25,development_oof,1748.1426213588834,1393.2342893639761,730.8910819522573,1050.7340441256351,True,112.93548973604986
2025-07-26,development_oof,822.9250000000028,-1628.8128386497792,-2219.262874905515,-1200.214530091414,True,113.8612580199216
2025-07-27,development_oof,673.659622518958,-1459.3898898535222,-232.97499999999502,-1306.1986916565836,True,110.18262532393716
2025-07-28,development_oof,956.7817001442302,-856.0775688006935,-77.30980067462832,-812.2871394716428,True,111.37818546918281
2025-07-29,development_oof,2405.7781042406414,1061.0719299053367,954.0015597450431,1034.075772173242,True,120.83535805022746
2025-07-30,development_oof,1289.3066879169921,392.79735236122895,865.008966185366,303.5025547716425,True,115.7692033838158
2025-07-31,development_oof,2545.008457145731,1809.9893313781636,1703.9491296608278,1538.2004780232442,True,111.64459730833637
2025-08-01,development_oof,3704.485538623945,2571.158497883036,162.34301141305764,2114.0147479327443,True,110.46009673230981
2025-08-02,development_oof,6242.404714008655,4652.0372472432555,3623.714569734764,3590.8723540465703,True,112.66989964877173
2025-08-03,development_oof,9926.600106574138,5987.454559210924,7877.287639076647,3698.726530519136,True,105.93111881517159
2025-08-04,development_oof,10935.870953473133,6089.507313630756,4362.850680014063,5266.898604600924,True,88.51905102648549
2025-08-05,development_oof,7140.088485936932,3651.180320054552,2734.991925361684,3029.0554770068115,True,87.2918231765707
2025-08-11,development_oof,4825.553760614552,2016.1448334424017,-328.257909095542,1841.6876783832563,True,117.29003607891677
2025-08-12,development_oof,3295.7056952651114,753.8381063912548,975.1687473130766,700.8677281942616,True,114.73155412736469
2025-08-13,development_oof,1829.4375,771.0316742102258,1175.769763607785,913.3107670772844,True,115.07709901870923
2025-08-14,development_oof,2110.521153003287,1897.2997512585316,863.6875,1554.990938382069,True,113.85947201991043
2025-08-15,development_oof,1701.8899355790236,1587.7154170008744,1319.6673602692267,1438.5755278074325,True,116.10288469661826
2025-08-16,development_oof,1453.535978355739,-627.0815804075793,-709.4210385800162,-404.6807096655943,True,114.93921869127233
2025-08-17,development_oof,2466.4621709610797,2138.4296444992333,427.83833365746545,1731.2972459791458,True,114.66632668366425
2025-08-18,development_oof,1486.5368935281213,-19.48879735726962,-1236.1958986057439,16.865703814712504,True,116.9878097344386
2025-08-19,development_oof,1024.892170758435,785.789805094665,-433.45694401845947,481.4162650880795,True,111.205970708427
2025-08-20,development_oof,2193.2239855906455,558.3776273809926,667.8053560280796,375.5807943388618,True,111.76754446211255
2025-08-21,development_oof,1411.339004063336,872.3965975620049,332.21175081652405,772.9904232634852,True,119.90326538942001
2025-08-22,development_oof,2960.91641064583,1700.8484334620534,2113.197416801834,1624.333335974688,True,118.38738886812882
2025-08-23,development_oof,1311.938207168222,509.16953013591,84.79020711135661,423.6223889857637,True,123.90132331190678
2025-08-24,development_oof,1347.0180279579326,792.1467694313856,224.66522982157943,474.17215531767187,True,119.68578627363907
2025-08-25,development_oof,10069.903757390774,7400.026399371882,8097.745896049852,6456.8638724638995,True,102.3752598787318
2025-08-26,development_oof,5237.712459303013,2703.641306299731,3117.2541981156355,2240.9260574197433,True,106.23668313914379
2025-08-27,development_oof,2415.0195097370233,1640.5228174800977,1597.0578899920947,1581.8895101701482,True,110.62491855656585
2025-08-28,development_oof,1608.6246917859517,673.5927177174271,896.0191289308768,628.3497938763494,True,104.65275758465953
2025-08-29,development_oof,5099.125653737378,3418.9732645114154,1997.1178423414676,3183.103940671626,True,114.45459336372117
2025-08-30,development_oof,6819.539511701401,2010.8912410273113,2286.2372500867086,1937.5181167824887,True,103.40552910547773
2025-08-31,development_oof,9447.078048394997,5990.580894994162,1969.976684734595,5341.460740173906,True,88.56917686632629
2025-09-01,development_oof,10393.131680007393,9184.479960214381,8866.072508900535,7778.505818158836,True,93.26973090881154
2025-09-02,development_oof,2154.8433746987375,-271.88038506491114,-1086.3302816917246,-244.4936695317533,True,113.54383380161705
2025-09-03,development_oof,3213.3431462150475,1530.3077208801965,-166.82951218999017,1583.251949937211,True,107.33354587156145
2025-09-04,development_oof,3294.587217233505,380.1510108603826,1653.0860110221765,609.6344306869587,True,116.46353363765769
2025-09-05,development_oof,3305.46867755909,2366.08527939948,-96.51602093700672,2110.5350040202766,True,117.48430550639235
2025-09-06,development_oof,13160.344288996323,7757.351488413412,-2824.6614951585225,6705.380308104601,True,103.13218594464179
2025-09-07,development_oof,7119.993054559814,4774.326632233677,1300.9404573350266,4056.4398137921107,True,102.29143202576476
2025-09-08,development_oof,15040.56500788624,10844.968668434683,7657.1380296347625,10599.883195283548,True,111.98198450158229
2025-09-09,development_oof,3106.7083333333376,2394.592460257372,2530.586597054855,2684.3163145304193,True,111.15681506270998
2025-09-10,development_oof,10408.541666666668,7937.916425978573,9166.43055555556,7500.427596282915,True,100.57998429389961
2025-09-11,development_oof,12282.829235709793,11416.609885430822,11373.069444444445,9145.767393230775,True,90.44696332039295
2025-09-12,development_oof,11631.000080761078,10737.907746304914,10593.290977805063,8746.28790002027,True,96.49970806725945
2025-09-13,development_oof,9688.164658609685,7567.992701452082,7041.610024026357,5595.192679219709,True,102.71667183760299
2025-09-14,development_oof,3713.901852203035,-811.6569434916885,-2735.3311197877715,547.5801686285615,True,102.1986833766063
2025-09-15,development_oof,9548.055307907944,7787.820890940712,-2551.974023691418,6123.4901974618015,True,87.85995638604305
2025-09-16,development_oof,9678.985516457973,7583.195504596777,7051.371951639976,5939.6546606766715,True,98.021069703852
2025-09-17,development_oof,9090.78264167661,6460.963936053597,3027.730885466607,6115.157507014809,True,100.79986392560481
2025-09-18,development_oof,7910.79601584697,5967.080146967695,3318.2825688829344,5097.599226142071,True,93.89822916858954
2025-09-19,development_oof,9783.3897193199,6287.054506652203,8188.230895541096,5399.574907324077,True,107.12851023557243
2025-09-20,development_oof,6734.764375661772,-3417.7802197613596,-2139.5177264736403,-1765.5722871656544,True,111.88369986823277
2025-09-21,development_oof,9612.790615492291,6631.560315632381,-9120.435407811716,5088.999424204952,True,110.58772981677204
2025-09-22,development_oof,3389.597810180572,2606.890389322616,54.037037739401285,2392.549585756828,True,114.7858510312321
2025-09-23,development_oof,3802.0233309811483,2480.01018728062,2372.6689996841524,2620.494369723546,True,123.20043453245046
2025-09-24,development_oof,2635.398468785187,2184.9032106158747,1501.7092989345222,2229.2927999583667,True,120.05743969350134
2025-09-25,development_oof,3457.2217100192843,1841.503389704148,1481.1151476992518,2093.5472425813955,True,110.94344350788992
2025-09-26,development_oof,1781.1111111111125,874.7585386808157,925.617294044057,776.157579944111,True,117.21829488298005
2025-09-27,development_oof,1628.4108396594129,1143.2123268526714,531.2222222222238,895.6249415933445,True,106.65258973365049
2025-09-28,development_oof,2454.5777216096144,1081.9312129023815,1339.117640338718,1017.3837525940712,True,121.38763363597724
2025-09-29,development_oof,4217.983028769053,2572.1310165180503,2235.437554242499,2659.408047369642,True,124.21130959180596
2025-09-30,development_oof,3612.9919495339564,2970.236201750452,3080.5160510502283,2661.6243620707337,True,119.96033241949097
2025-10-01,development_oof,3625.9789037722885,2525.16524786882,2977.134686838617,2297.541377534064,True,107.9689011434196
2025-10-02,development_oof,5807.2229112424175,2862.634732138128,3559.0292237472777,3067.2683087412133,True,100.33881054812427
2025-10-03,development_oof,11248.139307611713,5281.177287473411,9087.603536350382,5111.955066092853,True,93.5678906361651
2025-10-04,development_oof,2228.386191814386,389.16921875855166,-55.63086117338639,652.5357726952195,True,87.88066605574387
2025-10-05,development_oof,8666.292051951716,7985.499096139742,6459.949235952752,5404.783218294682,True,90.69529901955066
2025-10-06,development_oof,6487.742232643136,4586.823792611513,4870.508957060962,3408.892111017435,True,98.94775548158073
2025-10-07,development_oof,4199.835672412708,3213.811752154951,3225.205050732772,2664.5882262520113,True,108.67716161429472
2025-10-08,development_oof,3495.9992670590427,3023.3800247786085,2498.085486571838,2781.7910862816175,True,114.27775504198435
2025-10-09,development_oof,3755.7916666666697,3000.7522890967193,2937.4899558368097,3175.679312348375,True,105.85577826269518
2025-10-10,development_oof,1040.6546888661426,552.0164912483153,414.81944444444696,498.93757617810616,True,118.11475607970608
2025-10-11,development_oof,3253.159377812915,1063.598849591336,1052.2721974223944,650.9793637895013,True,124.52102837521208
2025-10-12,development_oof,2282.296965714929,-942.3545678112271,1761.1772102183236,-1065.2010615114539,True,126.44297439663585
2025-10-13,development_oof,16130.415646964091,10534.771344454557,12769.502883217743,8095.420398828156,True,131.8514065474104
2025-10-14,development_oof,6267.754830400575,5012.935623483596,5552.9828901130395,4784.740462191107,True,132.08732404271822
2025-10-15,development_oof,4915.573471623297,3362.6483899874247,4440.0195524403125,3130.6827507775006,True,132.82406509259135
2025-10-16,development_oof,3086.2840468886425,2684.687361323838,1798.3262961196408,2581.0466842011547,True,131.4175951727325
2025-10-17,development_oof,3080.197243107574,2637.482176517425,2744.8788076583132,2550.528025461857,True,130.53367536767163
2025-10-18,development_oof,1571.3194444444448,-293.77202612009455,-447.5773462781067,-190.89500947639294,True,110.629609997208
2025-10-19,development_oof,3633.180478502048,2278.9010325170666,652.3611111111109,2196.5059154889595,True,97.16463358571603
2025-10-20,development_oof,3000.7819749406553,1224.3048436410459,-1073.787382899884,645.817341474154,True,123.01556035829977
2025-10-21,development_oof,3030.0250000000015,799.1508240869127,-705.3773934024982,1015.3444602488107,True,103.7039396058476
2025-10-22,development_oof,13056.778276596482,10668.997634373878,9213.075,9199.945508148274,True,116.66437774807589
2025-10-23,development_oof,4472.54166666667,1592.4371922952419,2675.5561129773796,2998.1779634988006,True,95.09739095842845
2025-10-24,development_oof,14348.228786162887,11267.670651343804,7881.430555555557,10021.017179827139,True,91.08394863688522
2025-10-25,development_oof,6666.458042556447,5604.123682324468,3379.012635797739,4017.529284012274,True,88.98417949305633
2025-10-26,development_oof,8888.442230372113,3110.1519099138745,3356.2607293723677,3072.3946565573483,True,88.03959369909502
2025-10-27,development_oof,10857.762598888943,10149.978548917632,7080.185964991646,6645.332617198572,True,99.76926559933592
2025-10-28,development_oof,9397.71299401193,8082.317327804356,8199.48251374548,5610.731226786454,True,92.93441795246919
2025-10-29,development_oof,5610.522469521809,2981.5861481758266,2393.0448571053857,1281.8561155788416,True,100.93417189226419
2025-10-30,development_oof,3794.8430415437533,1704.5369041548875,891.8701534805324,2581.080187888022,True,103.84692684561246
2025-10-31,development_oof,7645.185063425235,5048.941622622282,2999.5760892523176,2864.9284105848756,True,89.45223038236345
2025-11-01,development_oof,7201.499025677564,5835.559975382124,986.3097393570165,4163.339123467926,True,93.89801076145926
2025-11-02,development_oof,2604.870522848262,1139.7202907551273,747.3251310514463,1305.9132928107138,True,91.01215479064429
2025-11-03,development_oof,6217.330066163629,4371.616995766063,2754.303175416355,4047.1645583006352,True,90.91371368064551
2025-11-04,development_oof,7818.912152344084,6915.659473316818,5488.566056116368,3873.7198529611505,True,88.35750371114169
2025-11-05,development_oof,3304.2800602831608,1781.0956722291517,1717.9190330184729,331.34509915096567,True,99.91709326097312
2025-11-06,development_oof,2520.6357566649585,1165.9475630825577,314.37983983002016,1219.7215830544537,True,125.2815677206771
2025-11-07,development_oof,2228.872389103417,1625.2903340467317,1162.9124964510286,1467.3442201585517,True,123.08301229853807
2025-11-08,development_oof,1849.540896131546,1087.637092123001,1070.3800044200325,952.7398326795087,True,126.32036752520257
2025-11-09,development_oof,1249.4844883243654,215.0000489694321,854.2518176512357,186.50705271784568,True,93.46439564042474
2025-11-10,development_oof,2065.766515763264,1647.8087331999482,1484.1505022668857,1111.0925643421258,True,113.47091569270053
2025-11-11,development_oof,2100.6175615006387,971.1694095472948,893.9367112362246,939.1444928632812,True,92.11461541968099
2025-11-12,development_oof,8060.526662001539,6670.309760524572,5826.0898699007785,4986.338040063718,True,100.14613945990686
2025-11-13,development_oof,6076.405854622369,5374.343254858631,4751.1768628472855,3091.1913318379793,True,98.3751878718728
2025-11-14,development_oof,3229.876146433713,2000.480308984319,1309.8143457554768,1596.69691751613,True,90.05094090131581
2025-11-15,development_oof,2365.4096552458755,1717.2599182007284,846.2443988600571,1186.634102055056,True,99.11542640055359
2025-11-16,development_oof,2295.892107290744,1345.908541478607,1609.0776940119888,1347.7792534024188,True,118.34727169067213
2025-11-17,development_oof,3916.4537248452743,3252.7194477085427,1447.3096037003863,2807.744503349223,True,110.40478475019684
2025-11-18,development_oof,1751.9081919601642,1103.5203124924421,883.4078124924437,807.174311534999,True,112.20966994385793
2025-11-19,development_oof,1070.1197735438395,722.2341424556846,268.69674039454486,361.8356726459596,True,87.56440204533949
2025-11-20,development_oof,5530.307745090107,4751.59116506766,4066.0905226249247,2926.872103385853,True,96.77583947055939
2025-11-21,development_oof,8496.851566779847,1435.477288549787,2504.312914264086,2284.870940725071,True,105.41661525016302
2025-11-22,development_oof,683.4414735867451,103.24233034010297,-2132.870972190916,-231.10801340459102,True,103.85364601968155
2025-11-23,development_oof,4000.954271032927,2533.353937736839,2417.099754036164,1959.9740458718845,True,85.65483561870303
2025-11-24,development_oof,2139.832714674528,842.3576384528286,-2180.229910516601,538.8371652215952,True,101.46535955110001
2025-11-25,development_oof,7395.618864393032,6263.428076257348,-803.8484946587203,5621.971141098691,True,111.35730764610548
2025-11-26,development_oof,3719.2698814187606,1971.0507941376356,1477.721816475146,1998.688569787651,True,97.20670873510358
2025-11-27,development_oof,3052.1666666666692,1666.0477126878525,2058.853051520662,1537.2353925542602,True,93.81140206819073
2025-11-28,development_oof,2372.172800730967,1977.2582686280098,1472.5416666666692,1248.6593075045525,True,94.51792855219054
2025-11-29,development_oof,2451.8555768668884,336.7306352859189,-976.0180727911406,70.82218425855359,True,109.05336230602677
2025-11-30,development_oof,4364.159228167306,3164.0404454706254,2459.088568873587,3114.3070607332706,True,96.78810359609243
2025-12-01,development_oof,2386.271554208319,1927.370474405606,582.1618038616991,912.6539250203654,True,91.30337669127648
2025-12-02,development_oof,4559.374225003466,4370.907165384043,3127.434324928997,3096.4039390440885,True,89.26369946973516
2025-12-03,development_oof,2851.1692731018393,1571.5539721676917,1793.798094345967,1547.3294738522159,True,92.70088955461988
2025-12-04,development_oof,598.6277700925866,-173.47077625272385,-1336.447726313985,41.85450541052512,True,102.34166023531043
2025-12-05,development_oof,2027.3888888888882,-102.97341024520733,-1640.250771041734,-31.226512961085632,True,99.63413999996897
2025-12-06,development_oof,1218.7474339366265,607.593075488147,-727.63888888889,335.361799935906,True,90.47080442744739
2025-12-07,development_oof,4627.141533485303,1581.7202444423904,1538.7042890801624,2323.333925740373,True,107.62575639885351
2025-12-08,development_oof,4658.412215610198,3875.6100416879253,3409.7369998603613,1920.0326533949114,True,88.97089361908587
2025-12-09,development_oof,5924.059089632243,4107.800681375317,4116.456352652245,4145.96899843267,True,97.46307811332802
2025-12-10,development_oof,6261.412505777012,5591.347347229263,3748.6893849501066,2948.611909920693,True,95.45214897959521
2025-12-11,development_oof,2622.538847319774,2197.302087479632,866.8864231765014,1448.9555219475174,True,90.88351131404302
2025-12-12,development_oof,2111.531032475682,1414.5744003815064,1302.7622117588585,956.6680241667867,True,102.03937392589238
2025-12-13,development_oof,1902.0338052249583,1472.9736442841688,1449.3986619054238,1411.4550556341796,True,98.48340511896322
2025-12-14,development_oof,4958.1468489574945,3405.9636913878685,3090.820795514771,2092.7737426037556,True,101.1482405076418
2025-12-15,development_oof,2799.0259193690817,2419.087095772765,1463.1189418926817,1725.8447041391964,True,96.58592704468707
2025-12-16,development_oof,1577.5833333333383,862.8273540036218,280.5094783883088,831.7589032364918,True,120.87994102489311
2025-12-17,development_oof,1280.3931163262419,590.8254189270793,-175.16666666666356,520.2315534644833,True,100.35239333728073
2025-12-18,development_oof,6732.411259945069,4796.797341673989,4602.390406313634,3193.4476919617755,True,87.37795860377771
2025-12-19,development_oof,6618.295728598893,6244.711089817269,4824.241739175461,3362.652763173631,True,99.45047857194804
2025-12-20,development_oof,1614.2673466430847,869.2145481009117,835.7389034879408,637.432932598259,True,90.71618797009937
2025-12-21,development_oof,100.75000000000058,-511.7842825105853,-1034.253244842475,-539.0918046029102,True,115.19031585332976
2025-12-22,development_oof,3704.46581461662,3278.1547924812194,100.3055555555567,1748.4326520653503,True,109.8342702748774
2025-12-23,development_oof,1142.0742085795348,339.73030898432,-306.7237298345258,324.2843998184407,True,111.57771142712987
2025-12-24,development_oof,2498.621202033189,2031.8989027776108,1020.951603461562,859.2840932399386,True,95.72834973188054
2025-12-25,development_oof,2646.2599299213525,1749.3451833061947,1904.0057211789574,1038.0531921889005,True,89.0524348235583
2025-12-26,development_oof,1551.1826616293565,1373.5695170365439,585.9340324105324,867.988534452912,True,106.16612765298764
2025-12-27,development_oof,551.9817178057976,175.36427186527118,-175.43503728965152,325.96884587068325,True,97.35346696312543
2025-12-28,development_oof,1359.0800017028653,1303.6029519584995,255.80218665612966,979.7189203290036,True,131.90190038925857
2025-12-29,development_oof,1125.501217140458,999.4521323531594,926.6805374680036,784.3508735671345,True,127.28019635022042
2025-12-30,development_oof,1505.572930302882,1480.3126224538114,1092.9180606243765,1259.9991635705796,True,128.49564027248246
2025-12-31,development_oof,3147.393491657745,1914.9070047689888,1823.3655623691584,1801.5872982838428,True,97.50794537963293
2026-01-01,development_oof,5124.935498473882,3041.284183334096,1149.123865370218,2260.769361181717,True,96.96062500457849
2026-01-02,development_oof,3954.3482378060676,3715.82527899312,-2707.629430433171,2216.5253133062665,True,91.20753961676304
2026-01-03,development_oof,1676.3602612514555,1291.8274178569784,701.2570631678614,862.4775792774072,True,91.09066795479153
2026-01-04,development_oof,1923.7273825338427,1842.0355118782838,1423.3330297016478,1632.004123769736,True,97.88454119722927
2026-01-05,development_oof,10826.201239119666,9775.357441659999,9389.80182669234,7658.154517168679,True,107.53658993915185
2026-01-06,development_oof,19005.33234136681,-996.1197116363044,879.9422783511466,663.580969629302,True,99.10124825671305
2026-01-07,development_oof,920.7957816870587,376.24773361351583,-1274.470229618933,296.49084129815594,True,105.33753388346388
2026-01-08,development_oof,22623.561413436677,7921.213457953637,4506.638912203852,6286.677012266848,True,115.40785288776318
2026-01-09,development_oof,392.77500000000055,-229.3904945609952,-1151.8552520448152,46.12213701861651,True,97.27185297874117
2026-01-10,development_oof,902.3362571069604,-1165.78932768808,-302.1749999999993,-408.8117580583455,True,118.58896910341525
2026-01-11,development_oof,1178.232993365283,240.788266784572,-229.69082357976066,657.653214576381,True,108.14945308529765
2026-01-12,development_oof,1280.0403041176107,609.1358872097874,361.68732462196505,604.1339769726045,True,98.29040647672753
2026-01-13,development_oof,1537.4819571581404,412.5750586004481,-31.838820453168182,436.5408082464853,True,98.15274077450091
2026-01-14,development_oof,2936.244361104641,2294.964698883368,198.39932955381414,1971.0666329040637,True,101.62645330510186
2026-01-15,development_oof,2911.2188126459596,2147.469340138662,1936.8125771543062,1692.547458204821,True,104.71946088798772
2026-01-16,development_oof,2252.54116040467,1435.964482687393,946.9518656679077,1217.7993104122675,True,105.67666106132543
2026-01-17,development_oof,1368.4812663332232,-257.52019973012165,492.76458279648654,0.8682597391407398,True,121.38902112309931
2026-01-18,development_oof,2071.152777777779,-153.48314678159613,1028.2891847950705,413.22751868696184,True,130.60027615995293
2026-01-19,development_oof,3990.0339698351327,2899.72247609299,-225.88888888888846,2661.326388131725,True,123.63835758357239
2026-01-20,development_oof,1627.6452486390801,1170.9505194621536,512.765035768747,924.9571911903688,True,94.02316409634653
2026-01-21,development_oof,2402.7561194652544,1283.546963383432,811.3721102917164,1266.3605020200655,True,94.91373672845869
2026-01-22,development_oof,3634.1906060856772,2204.6584803424116,2626.0379407248665,1360.3131002701502,True,92.97791792834634
2026-01-23,development_oof,2962.3504474573047,2082.232756851048,1956.4374715302486,1471.7337185370461,True,93.4853795144429
2026-01-24,development_oof,3217.940854948099,2614.7580586981726,1974.8367059228433,1730.402458562156,True,97.24484579157001
2026-01-25,development_oof,2121.097686935266,1591.5145683385374,1730.6718642069347,1130.1792609036602,True,97.98622177882959
2026-01-26,development_oof,3210.0778598799543,2217.2929831851957,1854.8675682733913,1809.487993918296,True,103.54283169122978
2026-01-27,development_oof,2563.630617745296,1862.727076610977,1981.6749076164208,1227.3626923478269,True,103.78414486988721
2026-01-28,development_oof,2858.374986414181,1658.5259248034101,1340.2462657051285,1462.8920108547654,True,122.30171110183132
2026-01-29,development_oof,3126.390761084984,2511.1425915507075,1801.9161183692577,1957.7466125437227,True,91.38410679375416
2026-01-30,development_oof,621.0833333333343,128.26322614805514,-321.36389269991514,123.34557939270837,True,95.22342819708255
2026-01-31,development_oof,813.7249999999985,437.36100688595945,6.791666666667311,514.859479503188,True,96.11966426924225
2026-02-01,development_oof,3738.077191359436,1103.6140440091453,1872.7249999999985,1285.5056469159326,True,128.24875894071283
2026-02-02,development_oof,1344.5688166612301,-929.8227944446661,-1845.1914890377598,-275.3159432848503,True,100.52936879845093
2026-02-03,development_oof,3512.476991020303,2672.743695686953,-1736.553848657664,1835.6391096410116,True,97.87208279392507
2026-02-04,development_oof,2115.670534183218,1206.0222788163749,918.7011395803312,1338.9041516471964,True,94.97320176360108
2026-02-05,development_oof,3698.8677914436976,3003.8305062206177,2417.4169958870075,1992.5582668762163,True,100.28880728147199
2026-02-06,development_oof,404.41250000000036,-710.6661690224562,-480.6463935327884,-370.3811145210731,True,95.87478736811833
2026-02-07,development_oof,727.4909037764251,200.29822128135066,-1937.7999999999993,329.53439939131823,True,96.28332918915753
2026-02-08,development_oof,1620.5123409249495,1440.1376387567973,1052.4505621654457,1346.8642663790915,True,108.1978802305406
2026-02-09,development_oof,1297.7291721211543,688.4592942715285,782.4372688596226,715.7012918550391,True,98.58957586415727
2026-02-10,development_oof,1186.3527429209437,926.7556502907948,873.2337155585367,779.1555953136765,True,114.80186474204028
2026-02-11,development_oof,669.0514999674272,-142.4961787558684,-241.55201671241292,-77.01977689722764,True,101.56268879384038
2026-02-12,development_oof,1064.1708347322347,608.3058298655262,-589.04626842229,531.4483271001477,True,101.73422567800723
2026-02-13,development_oof,1702.6592444702897,1438.284663316736,1043.6585754431617,1314.2118885025632,True,102.3827543429431
2026-02-14,development_oof,2537.0935370378857,2243.344491183168,2163.5592789817733,1789.7072119941006,True,106.05712600814114
2026-02-15,development_oof,844.039141380915,418.23033751454324,-46.53342579754212,434.8519686561811,True,94.32176679730185
2026-02-16,development_oof,1166.3491759332494,952.723883576043,630.508013804488,697.5627726812493,True,95.51009721177131
2026-02-17,development_oof,1429.1821715695492,1153.286193193128,1233.1643639841343,969.6446786759465,True,107.86033734791856
2026-02-18,development_oof,1163.3876469082898,682.7266418472132,123.97612287151571,564.8791830756503,True,100.32863637699045
2026-02-19,development_oof,4009.6840233667604,3706.3258812481513,2509.45274655055,3092.7878277022637,True,110.60401719676194
2026-02-20,development_oof,820.7951765132832,-719.0995363606569,-923.3683139885201,-277.28490704453975,True,101.70653170930963
2026-02-21,development_oof,5405.895032503581,3708.206727436818,-425.24310681616475,3041.3716192854463,True,97.66936170653145
2026-02-22,development_oof,7411.423588582304,5097.101939394182,2777.0590972596374,4080.760769271722,True,101.55458333615327
2026-02-23,development_oof,7080.091320734844,6009.989366212168,-2759.8457485973013,3480.4613349515375,True,104.67748075150418
2026-02-24,development_oof,3166.1753672606415,-2148.075821672112,-2311.107512104685,-924.5474271665192,True,97.4038376046949
2026-02-25,development_oof,2877.141735609004,1384.9486006885984,-166.92380457669924,1297.68479270035,True,96.08870511658431
2026-02-26,development_oof,6019.775126123732,5337.678129242047,3560.8644974073886,4220.207641036371,True,100.588650173727
2026-02-27,development_oof,4978.362475767258,2829.642148048206,2078.0899462232715,1817.4326299608783,True,109.3156387027534
2026-02-28,development_oof,2869.895186144309,1433.4014905783006,462.148208708757,1189.078491680458,True,106.98801985715795
2026-03-01,development_oof,12278.252064665941,3117.162256753331,7962.358622000465,3251.9515826537136,True,100.06872382256888
2026-03-02,development_oof,8831.140224142688,4508.978064151053,-3027.230466053071,2953.2557206216807,True,100.64253524858164
2026-03-03,development_oof,3020.4643630716964,2610.408602614803,1000.7269007464818,2356.9928104635856,True,112.50117605660405
2026-03-04,development_oof,5122.089395738136,1636.1742456872366,621.2721850137387,1706.5605471724932,True,100.83677524402344
2026-03-05,development_oof,3337.355559326265,1436.2373598846273,2148.482033480634,936.0002228448053,True,108.19469557257615
2026-03-06,development_oof,2912.9684006125854,2407.7319001380097,-1822.0924550877585,2000.5582943685197,True,118.82063516241904
2026-03-07,development_oof,1885.8686357883944,1667.9546753206414,942.1101051179747,1446.0740774530957,True,119.41329814947319
2026-03-08,development_oof,2497.3168449029718,2358.7098111374657,1772.6680130740006,1761.0934680347054,True,118.11789688254144
2026-03-09,development_oof,2593.6841819352007,1059.181869926681,965.5122727539449,1563.4712028464373,True,115.03922861458479
2026-03-10,development_oof,3620.760827432172,-720.1550218571879,-281.4945060872527,523.1755850331986,True,103.94443466370892
2026-03-11,development_oof,9616.623977154277,4314.575209705433,3790.3830489462016,3053.132774886636,True,102.62532795414982
2026-03-12,development_oof,10192.964825533869,7676.343659126184,4089.9443635167663,6866.219790751057,True,110.33615430282585
2026-03-13,development_oof,9551.43799749776,8752.257493648958,4877.512102177335,5092.582529965617,True,108.87905552923307
2026-03-14,development_oof,2368.884599423065,1026.3736809658913,770.9847231346693,1183.6111199128961,True,107.40457084090765
2026-03-15,development_oof,17016.004269124744,692.945040292235,10085.963373237762,2213.114165613339,True,102.41217321466858
2026-03-16,development_oof,7802.235028102104,3764.0436234402077,-7821.295143274407,3272.185951125567,True,102.18190728558363
2026-03-17,development_oof,9701.279145009987,5487.359815172897,1983.63610137663,5046.981048491531,True,100.53976315114767
2026-03-18,development_oof,5605.890911542247,4118.983781256939,3411.557094677304,3849.8572478005153,True,111.3685631754654
2026-03-19,development_oof,3602.4051962018457,2714.4934826542894,2159.756828559141,2182.286733980186,True,115.87187553449905
2026-03-20,development_oof,3807.503127762524,2458.351751506704,1106.1928374742292,2421.6128677607003,True,116.19603544994335
2026-03-21,development_oof,3657.6612090499734,2521.640102724946,3392.005752244928,2759.4825288904253,True,118.53772544555932
2026-03-22,development_oof,4026.8982677150348,1252.8252449681052,-1306.8055510941372,522.262358374604,True,113.39665471047095
2026-03-23,development_oof,6934.090939301139,3293.33587143625,316.9996550867513,4470.56586170914,True,104.7328633941836
2026-03-24,development_oof,8063.793273311692,3294.426263576814,1627.0551401572975,3175.048342502705,True,100.75815824551326
2026-03-25,development_oof,10337.69112617272,9021.053729586225,-539.6717684181546,4663.684488870803,True,103.27773739379576
2026-03-26,development_oof,3372.7672342261267,1069.2844864994927,-518.1792284102594,1444.1121015817453,True,105.76163311129851
2026-03-27,development_oof,4315.157320242246,1736.1238154655232,3580.5101130652183,2286.583309705837,True,99.10387049264625
2026-03-28,development_oof,16231.883769329388,8670.671415673263,8228.186669462859,6842.010184759118,True,101.41695936533027
2026-03-29,development_oof,9419.18096065225,3263.478880658904,6068.311344539999,3856.3126186955387,True,104.08007846515865
2026-03-30,development_oof,16202.345776978404,13619.609280680366,6654.4144537943275,10434.718422438473,True,103.03190370434307
2026-03-31,development_oof,5088.685575832438,3569.2718097023944,2087.587980002804,3109.791470040543,True,109.28676384213453
2026-04-01,locked_test,3881.396640305612,3003.7712345786895,3244.581157626504,2077.0964789337436,True,102.66796984791354
2026-04-02,locked_test,1524.1200826904878,269.33250243336147,418.10644888984564,301.18834317895585,True,106.99039391948993
2026-04-03,locked_test,7866.524890317687,-3049.931470906685,6608.994955024083,-102.13387821868287,True,99.32705715556529
2026-04-04,locked_test,17474.32019453769,6365.021932176359,7293.226509417029,6272.329245781497,True,106.10284795992884
2026-04-05,locked_test,16877.20619541956,4426.261099833959,626.6481965849764,2850.853971444554,True,100.91613920110352
2026-04-06,locked_test,18154.167618782823,12593.68800817019,15100.641010232286,13059.980654681303,True,108.72797119490656
2026-04-07,locked_test,20662.492838119277,17020.693574347162,18115.966525212873,13733.384532632546,True,103.11626164220723
2026-04-08,locked_test,5993.2113341604745,5245.399681849897,3437.848593532849,5166.756649256463,True,113.10410331143383
2026-04-09,locked_test,3471.8638177964776,284.4311719836527,1324.5537831232027,1453.962206280356,True,102.19245347574308
2026-04-10,locked_test,9591.660919671984,5291.5890131877395,6695.9939271297,5855.357788398774,True,100.35655817170907
2026-04-11,locked_test,4645.005213883569,3277.093190702903,2634.1596602139016,2757.5560660418914,True,97.97353471054153
2026-04-12,locked_test,9689.062674157889,7605.346415995784,6966.582922635709,5575.293641624349,True,100.35994020275415
2026-04-13,locked_test,5410.903966793839,4363.677019815252,2001.2818930830517,4162.714820659738,True,112.58717433578111
2026-04-14,locked_test,4819.222222222224,4298.535814658009,4229.848328669811,4076.7834084861634,True,104.73427756921963
2026-04-15,locked_test,6902.166821340779,5534.2388718548855,5726.041666666668,4500.2666600246475,True,98.77515666125551
2026-04-16,locked_test,3128.8232738803854,1912.2221542931193,2001.34951857815,1637.4944652947647,True,104.31993424722485
2026-04-17,locked_test,8676.440427990477,5099.750169842926,6466.774738423888,3874.2933343664226,True,99.18145711628108
2026-04-18,locked_test,6438.524228653227,3007.7910297590497,5373.196317512671,1872.3397606031876,True,106.67665411501478
2026-04-19,locked_test,3952.262365013917,1135.4823147676034,3435.626337282927,379.2653659580242,True,114.49542010465224
2026-04-20,locked_test,2489.013707610229,1630.6958904139376,-1027.3992074225212,1884.275709449854,True,114.34628221340206
2026-04-21,locked_test,9234.476578825665,7080.642555824421,4705.551591519208,5750.052996045112,True,100.32738471645867
2026-04-22,locked_test,18152.99357112071,16727.89966149132,12988.003096575607,11461.921244254394,True,100.37734037866397
2026-04-23,locked_test,4653.834910901208,2791.833736446557,2184.2234333411056,3425.327698721972,True,111.6438134070063
2026-04-24,locked_test,2130.4568715473156,884.5989719443539,1009.8898159633239,974.4368991831178,True,116.05235433306082
2026-04-25,locked_test,1992.5253304982925,-183.99538993161627,169.4179380496239,-22.250711073105435,True,115.3586787245531
2026-04-26,locked_test,2024.0402342829952,369.4366877546613,749.2467037733004,356.9125017150345,True,115.82427828963732
2026-04-27,locked_test,4661.621163871943,3364.691300825085,2732.27924199609,2814.4278374224837,True,115.0705934952479
2026-04-28,locked_test,1881.2435814451128,-2783.576493295458,-4605.358737336162,-1605.6576122307183,True,105.43805629851418
2026-04-29,locked_test,11020.154251342234,8890.466655717382,-6993.115956962698,6735.9694551847615,True,99.32770371760243
2026-04-30,locked_test,17754.966862498724,15250.740657671487,15693.006050983871,10556.252645614404,True,101.17523161019732
2026-05-01,locked_test,5516.748567777591,2582.0026836499455,1182.7956467238002,3792.484503397069,True,114.01944994118834
2026-05-02,locked_test,6117.661734067403,5199.552038064065,3959.2056318377363,4390.775222277544,True,119.24843507742942
2026-05-03,locked_test,583.3500000000022,-653.6159522997057,-846.9904277687373,-741.0288813908463,True,116.28823947626874
2026-05-04,locked_test,3201.5968688296116,1868.2600451361125,1806.7250000000022,1960.8444832391792,True,120.14044728300382
2026-05-05,locked_test,2844.548830571189,2168.4938126056495,1544.0315152359553,2155.3513876523,True,112.29883901547639
2026-05-06,locked_test,4045.773743581611,3562.963813740892,2473.678511205205,2885.44509892311,True,118.20808836108564
2026-05-07,locked_test,6231.901611613059,5303.128161908492,5145.067621439513,4466.884357124039,True,110.77171835870774
2026-05-08,locked_test,3295.198150695555,2026.0653351835833,1831.237720271729,1510.0996748031148,True,116.34006836406303
2026-05-09,locked_test,7857.256615972611,6922.7035126645715,6890.521502521731,4922.4412946775965,True,109.71398984020861
2026-05-10,locked_test,11956.697728418407,8206.417122597984,10874.34437241409,4181.0540989932315,True,108.7003810560088
2026-05-11,locked_test,1235.918218340846,-2912.6328271318016,-3766.175361866622,-2168.963993677088,True,110.51548237453483
2026-05-12,locked_test,6792.229189051704,5536.5768560140605,-1387.9311346112288,4802.966169086743,True,109.14104231689358
2026-05-13,locked_test,3132.6589221839686,2518.175301847128,1210.2019691217322,2388.268566083402,True,108.79063398625158
2026-05-14,locked_test,2867.719492582067,228.13901831703106,683.5673139564867,840.577106246951,True,109.49806110674604
2026-05-15,locked_test,698.3750000000056,193.28817322382747,-978.2827853611118,91.68998646840987,True,113.88510297956357
2026-05-16,locked_test,444.73920937049417,-2140.0240321277856,-1914.4999999999927,-1735.3236174149965,True,118.43254772913794
2026-05-17,locked_test,5147.728529088508,1520.0735106365112,2084.9487097380074,353.69056459767893,True,110.52581932967628
2026-05-18,locked_test,1297.688638221749,-79.35173710921526,-1954.3498613036681,184.00261832248498,True,112.87685793804569
2026-05-19,locked_test,4395.202831410206,1616.3473850276714,110.48365282186745,1356.7048701012009,True,101.54883294480742
2026-05-20,locked_test,1005.6578166286636,-1045.5750022508641,-1.7176605964924647,-952.7076711430113,True,104.1454994215067
2026-05-21,locked_test,5443.8845329331725,4648.768189850938,1713.6306872748792,3584.75042543186,True,104.84820382437677
2026-05-22,locked_test,4562.662899967399,3149.8529087889074,2395.896656384191,2396.583011007361,True,105.97138308337613
2026-05-23,locked_test,2930.589725770132,1972.0094036662922,1787.3164897687843,1511.434920902139,True,114.51743156147784
2026-05-24,locked_test,3920.8794849578812,2459.122152528711,1764.3818959413197,1986.4426938460106,True,118.02712224301514
2026-05-25,locked_test,4382.862669699154,3362.118126138681,3233.0412004512714,2878.2937183796485,True,116.66670663036723
2026-05-26,locked_test,2852.3899574372836,1713.4460347461736,406.87515077978935,1363.9036534046181,True,116.24751360461532
2026-05-27,locked_test,3961.389202698529,1982.4997592890795,-311.53730146558587,1908.4359275781226,True,109.97906807800518
2026-05-28,locked_test,11322.484942330013,9593.460280677431,8959.644441971845,8151.347692009025,True,107.59369900026907
2026-05-29,locked_test,4197.539552156499,3519.477125519934,2896.3142952030635,3098.82819198444,True,109.35994977482137
2026-05-30,locked_test,1085.2604398129624,626.5740984134372,62.64027009258507,600.8310713245608,True,115.36792103540364
2026-05-31,locked_test,2442.385639826898,2005.5644787930669,2254.117885246338,1477.877665613018,True,112.4844463354059
2026-06-01,locked_test,2828.338826008445,2457.143848090045,2309.2070375563817,2111.7160698904036,True,109.35410568452066
2026-06-02,locked_test,2851.4146087304885,1078.5774191550918,119.88716147116247,1238.7946464256654,True,111.83375590136002
2026-06-03,locked_test,8354.028998101696,5546.9841586982,6066.569508113714,5309.592898685641,True,103.27265236394351
2026-06-04,locked_test,14037.564748215633,10036.099106685875,8872.293236937683,7112.299571805094,True,99.69150236651181
2026-06-05,locked_test,4069.672947699729,650.3704697829319,516.4942505125637,1181.933067034383,True,108.23401963740059
2026-06-06,locked_test,10455.279179337373,5110.169221516034,-881.4051729648427,3253.3334459623384,True,104.35957656588702
2026-06-07,locked_test,15666.231635718439,10283.990882724469,11468.32741852218,7422.623962734161,True,101.13647501549201
2026-06-08,locked_test,1827.1820968273778,594.8654173865423,219.03288449729598,798.8259828737802,True,107.38782851614114
2026-06-09,locked_test,5315.421279472372,4846.226223812422,3057.340622388665,4267.42932964233,True,104.28057245296152
2026-06-10,locked_test,4393.534373351504,3773.9347138463236,2573.811778230065,3151.0557333395154,True,111.21989195139258
2026-06-11,locked_test,1453.4632221327818,562.6810175917508,751.6880303509737,518.5948224160454,True,106.79689781208022
2026-06-12,locked_test,13812.990821104493,7107.227182278017,558.9693214813476,5704.823990670493,True,98.96580898020056
2026-06-13,locked_test,14192.849572469944,9577.601431856905,5512.321822756093,6357.951026749188,True,99.27305220778953
2026-06-14,locked_test,9919.529471855843,-1078.1346385625625,-1987.4580365375418,-283.5176003593965,True,115.00991697816055
2026-06-15,locked_test,2404.2694015167535,-3.4565355138948917,-383.588079239762,-102.05003494790793,True,114.02300435336645
2026-06-16,locked_test,5099.8864180673645,3942.6254160889694,1781.0689065695526,3234.1688012850886,True,115.57487259887586
2026-06-17,locked_test,3759.041246582589,2757.668639864143,1519.8088320714028,2204.1086401684224,True,107.82965165042003
2026-06-18,locked_test,2143.4920556243123,1400.3600563904383,345.14078961521454,1224.2933973537938,True,110.91975614085392
2026-06-19,locked_test,4874.660281690665,3527.3003836039425,2415.8766514580784,2623.515218927345,True,104.43246946589711
2026-06-20,locked_test,2965.2914034470914,1132.5691419066206,-364.34691145493923,1219.07740853511,True,113.27426129102128
2026-06-21,locked_test,2749.2006977387778,1842.1282066207568,-751.1402265977986,1484.6542072658885,True,116.51042606669114
2026-06-22,locked_test,6754.993404869751,5501.37591795003,4377.189322616598,4871.264675167042,True,114.9154354437358
2026-06-23,locked_test,35362.95251824295,31992.7425766386,33092.94890875086,28196.933090204286,True,116.57759008581888
2026-06-25,locked_test,2633.2208102777586,1187.7071596473525,57.10765475581525,1001.6890915974705,True,109.4641495547801
2026-06-26,locked_test,6886.186381872114,4986.602729395599,5657.181890285257,4612.727426137788,True,113.87395636424236
2026-06-27,locked_test,8929.592322370028,7437.623094933213,7951.568553968435,5730.777659863996,True,104.17757265663602
2026-06-28,locked_test,21583.217617093702,17729.00034674081,17508.97073622094,12528.379772109198,True,101.24586431845815
2026-06-29,locked_test,5590.360027981159,4592.481901637695,3555.269496677973,4069.5689376604596,True,112.5819708274707
2026-06-30,locked_test,4216.7651560120075,3785.4235885823036,2819.308563316711,3254.375881153035,True,117.7535459916728
