settlement_date,wind_share,old_energy_band_feasible,new_energy_band_feasible,old_recommended_start_soc_pct,new_recommended_start_soc_pct,old_downward_reserve_required_mwh,new_downward_reserve_required_mwh,old_upward_headroom_required_mwh,new_upward_headroom_required_mwh
2026-04-01,0.0,True,True,50.0,50.0,57.9443850477648,35.552080556648484,42.899791293059835,46.63072887111349
2026-04-02,0.0,True,True,50.0,50.0,67.01902075387036,43.598081592175994,42.12633830795532,46.698039575412224
2026-04-03,0.0,True,True,50.0,50.0,59.052987710982734,23.76366416836654,43.28279831648314,50.27495732798744
2026-04-04,0.0,True,True,50.0,50.0,67.46001013724839,28.822193635262224,42.560690333644935,53.62192129103066
2026-04-05,0.0,True,True,50.0,50.0,72.18325825179761,24.873190403368444,41.74373610422979,49.04518434443526
2026-04-06,0.0,True,True,50.0,50.0,71.14643489936476,47.76387839976667,41.30158080641155,41.51021023466217
2026-04-07,0.0,True,True,50.0,50.0,70.91751261609421,35.30334753734786,45.21213382680796,50.354992566899675
2026-04-08,0.0,True,True,50.0,50.0,70.1447532469463,35.497543766814275,45.21085982905109,42.511888677952655
2026-04-09,0.0,True,True,50.0,50.0,63.572410222792286,28.425105429617737,42.7364606429335,59.54459719955081
2026-04-10,0.0,True,True,50.0,50.0,61.122664459422936,44.07522383525411,44.11664678421802,48.84253114710369
2026-04-11,0.0,True,True,50.0,50.0,60.94223399988476,27.484399794481448,45.451122061919065,49.10176655850597
2026-04-12,0.0,True,True,50.0,50.0,59.52677436138228,26.67787724899617,46.19271449905564,49.82416615013661
2026-04-13,0.0,True,True,50.0,50.0,58.96645637579759,36.28020603343295,46.332633222687726,41.955402541955635
2026-04-14,0.0,True,True,50.0,50.0,59.49334174328639,39.17233708788655,44.734401302495584,45.27339856785557
2026-04-15,0.0,True,True,50.0,50.0,51.72060670935788,25.71425596619541,43.7992302902167,51.63516379681083
2026-04-16,0.0,True,True,50.0,50.0,55.86798407565145,32.24591159015367,44.99077803320429,56.152743582894914
2026-04-17,0.0,True,True,50.0,50.0,45.32328733490627,31.952322368909847,44.04513022212956,62.402030136735114
2026-04-18,0.0,True,True,50.0,50.0,56.1890396446184,39.0115169031324,45.57531590116288,55.63400678499607
2026-04-19,0.0,True,True,50.0,50.0,56.100033574409245,42.32452245406239,45.22483183269931,41.64401396064416
2026-04-20,0.0,True,True,50.0,50.0,54.94116435832247,46.216012318306625,44.835382716926105,40.97335729602292
2026-04-21,0.0,True,True,50.0,50.0,55.88454606223421,32.20823835008903,45.48566987623904,57.3422735698945
2026-04-22,0.0,True,True,50.0,50.0,55.64230021523321,34.0639832454238,47.19689027286563,53.9873567906816
2026-04-23,0.0,True,True,50.0,50.0,55.474436006591375,30.561130344237906,49.60442251643936,40.98983370542639
2026-04-24,0.0,True,True,50.0,50.0,55.03741824729266,27.192043621384656,49.59073624884666,41.52860826546759
2026-04-25,0.0,True,True,50.0,50.0,54.92471427325687,33.63730894356179,48.35825744518186,40.342799702813124
2026-04-26,0.0,True,True,50.0,50.0,55.060555573799405,33.722537925871734,48.9043755610205,40.47966014593507
2026-04-27,0.0,True,True,50.0,50.0,54.885089618046585,33.690549230732806,48.60056839383654,39.06366710179375
2026-04-28,0.0,True,True,50.0,50.0,52.981680436118936,39.07784632325286,46.10521289195776,45.71563712742415
2026-04-29,0.0,True,True,50.0,50.0,55.252724293362895,27.999246324521092,54.30745735758833,55.87644491787551
2026-04-30,0.0,True,True,50.0,50.0,52.05716830408853,26.885443144436252,54.050390783433805,51.97698156910293
2026-05-01,0.0,True,True,50.0,50.0,52.752629446469555,33.96502372673497,51.18234519373424,41.92435053422071
2026-05-02,0.0,True,True,50.0,50.0,51.475928575137246,38.82947049736666,49.1294829595394,41.103786552341035
2026-05-03,0.0,True,True,50.0,50.0,51.1982562804633,35.01278861742237,41.81509560136942,32.22674743265318
2026-05-04,0.0,True,True,50.0,50.0,52.66397763331739,37.14419179209763,44.722780146957,34.47391667250925
2026-05-05,0.0,True,True,50.0,50.0,57.00096516538831,41.9742990652617,47.33949977479148,40.39996870763012
2026-05-06,0.0,True,True,50.0,50.0,56.813909598241445,38.44276755007789,45.53340468957317,36.35882499117943
2026-05-07,0.0,True,True,50.0,50.0,58.2608539683778,44.20647862471677,47.59935474211407,38.573570359116815
2026-05-08,0.0,True,True,50.0,50.0,56.72886810026171,41.792491478796045,43.62878370365469,36.16497051183748
2026-05-09,0.0,True,True,50.0,50.0,56.736806039074466,45.0570517395423,49.64732586376944,38.90790057306515
2026-05-10,0.0,True,True,50.0,50.0,57.028323201873796,43.93383519900799,48.88765665912773,37.33702512800114
2026-05-11,0.0,True,True,50.0,50.0,58.346803747472606,62.877208139362324,49.01166909630035,40.535912106096944
2026-05-12,0.0,True,True,50.0,50.0,59.80003935193903,54.62868197835803,49.722547821909394,51.09144609713465
2026-05-13,0.0,True,True,50.0,50.0,59.89287136557107,55.64789832172282,50.11053218381764,46.90824950264298
2026-05-14,0.0,True,True,50.0,50.0,57.13276907733773,48.64251645448866,47.449687489768266,40.9356706556256
2026-05-15,0.0,True,True,50.0,50.0,56.89438819464469,53.370459535329566,49.63174665657607,38.762605343853565
2026-05-16,0.0,True,True,50.0,50.0,54.484116116505085,54.200452098661536,45.616243973207354,37.61574153646372
2026-05-17,0.0,True,True,50.0,50.0,54.873792876856456,58.07696855635519,48.4253782540142,38.15893180935169
2026-05-18,0.0,True,True,50.0,50.0,53.86672457783941,52.205409687269096,46.107402372422214,38.35749117618553
2026-05-19,0.0,True,True,50.0,50.0,52.38771931020304,35.17014896713142,44.68523247158834,51.55384652849531
2026-05-20,0.0,True,True,50.0,50.0,57.37017867619622,36.573083426086995,46.41584504039868,64.09565164028571
2026-05-21,0.0,True,True,50.0,50.0,58.4668919863726,55.109463527513995,46.13725173505242,46.05966173955737
2026-05-22,0.0,True,True,50.0,50.0,60.25958234110363,39.07406309262379,50.096799926739074,47.26266967619581
2026-05-23,0.0,True,True,50.0,50.0,57.614566688224045,44.1018306716976,49.44820641832659,40.1429759084079
2026-05-24,0.0,True,True,50.0,50.0,56.42633302601881,29.37681158501037,49.1168210915887,42.87700487565951
2026-05-25,0.0,True,True,50.0,50.0,54.41502046271199,29.067413372098528,48.93920283123428,42.881958237343156
2026-05-26,0.0,True,True,50.0,50.0,54.726913777746674,30.91351772783799,48.466526568816164,42.532769028281535
2026-05-27,0.0,True,True,50.0,50.0,53.175533915419834,41.376070827967155,48.34462697544887,39.66081708878984
2026-05-28,0.0,True,True,50.0,50.0,53.91355966762926,51.040595472729805,48.11714440272242,40.21277719562075
2026-05-29,0.0,True,True,50.0,50.0,59.20899881617265,59.91533827569016,48.25549728348478,52.67772845313628
2026-05-30,0.0,True,True,50.0,50.0,52.31304182680115,37.448409547623754,47.458182281735766,39.73967378878022
2026-05-31,0.0,True,True,50.0,50.0,57.989065249503795,72.48565693312648,48.07927041875459,36.92171056219552
2026-06-01,0.0,True,True,50.0,50.0,50.941401741457426,66.68820787231923,41.59659733913373,44.10033236794821
2026-06-02,0.0,True,True,50.0,50.0,56.34066296243907,61.37283757833014,46.705717962289,36.96594481837258
2026-06-03,0.0,True,True,50.0,50.0,51.64861410258521,34.72120578193313,40.42963520672021,65.42491051426518
2026-06-04,0.0,True,True,50.0,50.0,57.282977479513704,36.68594922082705,45.82982594340402,49.32525723836328
2026-06-05,0.0,True,True,50.0,50.0,56.51048082932289,58.24299183345032,47.111014628477875,44.83584883188544
2026-06-06,0.0,True,True,50.0,50.0,51.81591315015827,36.57230572426519,40.22942418898152,58.5767552087061
2026-06-07,0.0,True,True,50.0,50.0,60.7240354003443,39.38979632210434,46.052970296586395,61.381878765221046
2026-06-08,0.0,True,True,50.0,50.0,59.14465352027197,66.30284305781387,44.60482951209565,46.08974699949718
2026-06-09,0.0,True,True,50.0,50.0,55.01999915338445,53.68376587312347,45.829054637379485,50.565024004152576
2026-06-10,0.0,True,True,50.0,50.0,60.97082916538527,54.10833597659584,46.59464808755141,41.593658606165405
2026-06-11,0.0,True,True,50.0,50.0,29.396898555309782,22.130581772212256,29.07830443982634,58.31497495008542
2026-06-12,0.0,True,True,50.0,50.0,56.44070506129793,29.923827289818078,42.20622766332046,60.2331065105766
2026-06-13,0.0,True,True,50.0,50.0,54.90380361051431,28.05147890869868,45.83112751363225,61.10486341168544
2026-06-14,0.0,True,True,50.0,50.0,59.95126699243957,45.32024704344074,46.884287497158766,42.75408885115601
2026-06-15,0.0,True,True,50.0,50.0,53.81170924744227,39.195408459690384,44.837900554670554,41.137212477098025
2026-06-16,0.0,True,True,50.0,50.0,57.81727148172913,65.16812745637799,43.46667344298743,42.60543943572798
2026-06-17,0.0,True,True,50.0,50.0,55.606076660920465,55.76385682973637,42.97196834704616,52.69423650706775
2026-06-18,0.0,True,True,50.0,50.0,56.89000737490181,60.15045136189316,43.71602205151493,54.49905683999987
2026-06-19,0.0,True,True,50.0,50.0,57.13804819792597,36.20664652650528,45.579985383149875,57.43972750822
2026-06-20,0.0,True,True,50.0,50.0,56.48593102035994,39.7143177225585,45.701321421568665,44.06295137381106
2026-06-21,0.0,True,True,50.0,50.0,61.21376124476075,43.67281184835234,45.090514670555066,43.36001497370898
2026-06-22,0.0,True,True,50.0,50.0,58.493493633622386,32.24591641186848,43.33982371798176,42.16669972487922
2026-06-23,0.0,True,True,50.0,50.0,57.36702255268986,32.52520650188849,41.57412146441384,42.48594422118437
2026-06-25,0.0,True,True,50.0,50.0,55.36038469658363,46.43148669137872,39.849826789588874,41.873698482380746
2026-06-26,0.0,True,True,50.0,50.0,56.41142597161321,36.07251218995458,41.23894594384632,41.74261984458278
2026-06-27,0.0,True,True,50.0,50.0,59.424005641927,37.28233737467392,42.678385121913124,67.0312517651988
2026-06-28,0.0,True,True,50.0,50.0,57.46804163343306,24.070625333871654,41.70849622215708,70.38737603547372
2026-06-29,0.0,True,True,50.0,50.0,59.614217744902675,50.23590656284411,41.91977034603137,40.60416284512671
2026-06-30,0.0,True,True,50.0,50.0,60.308609259530826,55.66149459452436,43.249212886092295,38.81216882123106
2026-04-01,0.5,True,True,50.0,50.0,38.69924240612873,40.47215277289266,37.75282093684316,48.5397378718487
2026-04-02,0.5,True,True,50.0,50.0,40.12650311325466,40.69339619847534,35.298141490830375,37.48122709642215
2026-04-03,0.5,True,True,50.0,50.0,41.699562067673924,27.51337370709139,40.664698731913035,50.754796659536424
2026-04-04,0.5,True,True,50.0,50.0,36.38133037326956,43.67029501431974,34.352888056421875,57.26430922186911
2026-04-05,0.5,True,True,50.0,50.0,40.30638131452149,25.28903269021796,36.941332544905904,51.203463756190374
2026-04-06,0.5,True,True,50.0,50.0,36.110748740117145,49.62883507545275,34.64146516510067,34.09907561013839
2026-04-07,0.5,True,True,50.0,50.0,36.611072960377356,39.15430350641102,34.501195153892354,49.861293929295556
2026-04-08,0.5,True,True,50.0,50.0,39.2351368173252,38.55044791611935,37.294067665331745,31.880971762602478
2026-04-09,0.5,True,True,50.0,50.0,37.39753677065041,41.60872248968774,36.36267000535996,59.92161155080132
2026-04-10,0.5,True,True,50.0,50.0,41.39174008651007,49.54023635906509,36.95145458139324,46.19005494375151
2026-04-11,0.5,True,True,50.0,50.0,40.886915640834275,29.39523694825908,36.75647848693175,47.52576499295778
2026-04-12,0.5,True,True,50.0,50.0,39.651228775550706,27.080121747635353,34.79455642316081,47.41289203889192
2026-04-13,0.5,True,True,50.0,50.0,38.35609539279588,36.31558683549619,37.79433851577997,29.275612170204752
2026-04-14,0.5,True,True,50.0,50.0,37.50721327979153,45.11013963521901,37.051650009354375,41.45388225679062
2026-04-15,0.5,True,True,50.0,50.0,41.84558861373028,33.669338092499615,36.86220532326931,48.37548911224251
2026-04-16,0.5,True,True,50.0,50.0,37.45591905438543,40.727154681329296,36.80042027552557,51.86264173932831
2026-04-17,0.5,True,True,50.0,50.0,40.56263231139497,48.94705499724674,36.252697623031665,57.49702354245531
2026-04-18,0.5,True,True,50.0,50.0,36.20843270839289,41.65951678802291,34.13322481873253,54.17579197841399
2026-04-19,0.5,True,True,50.0,50.0,37.210343649925704,39.11005582070805,37.32126599041061,27.52319102675152
2026-04-20,0.5,True,True,50.0,50.0,38.51706864940345,40.18874397079709,35.40572473411114,25.930548356444984
2026-04-21,0.5,True,True,50.0,50.0,39.96493717402939,35.13089218433356,34.8827791426405,53.37419857121663
2026-04-22,0.5,True,True,50.0,50.0,40.505854482255174,36.97316927854943,34.13629720952396,53.7141370094282
2026-04-23,0.5,True,True,50.0,50.0,33.166532173343654,34.86551646360607,33.56638617241269,28.22850688508864
2026-04-24,0.5,True,True,50.0,50.0,37.52183247949803,31.50632221644331,34.75965680012247,27.24911964551394
2026-04-25,0.5,True,True,50.0,50.0,40.340101462495674,33.732188179440314,34.53284173658844,25.60695871139504
2026-04-26,0.5,True,True,50.0,50.0,39.220815850851125,33.53258137398902,34.84708122636562,26.100791389945115
2026-04-27,0.5,True,True,50.0,50.0,39.463899779819194,34.23727091446118,34.45874054420021,24.713091019432994
2026-04-28,0.5,True,True,50.0,50.0,38.94921576766659,43.71079464360752,34.57603473158791,40.00252800345861
2026-04-29,0.5,True,True,50.0,50.0,40.757236340385916,34.14171822399821,33.406728386925906,59.31596305403984
2026-04-30,0.5,True,True,50.0,50.0,39.28612675113411,31.738139114299095,33.60309586621722,57.53374783790834
2026-05-01,0.5,True,True,50.0,50.0,37.35992567504088,33.77711167134875,35.12999003679561,28.295434436972105
2026-05-02,0.5,True,True,50.0,50.0,37.39639907223908,36.38090865855138,34.287330335912344,25.047686155723376
2026-05-03,0.5,True,True,50.0,50.0,40.92970839719668,35.187405778478784,32.87175684042747,22.57527436834752
2026-05-04,0.5,True,True,50.0,50.0,39.41101296685436,36.10500791382399,30.77203576007843,20.25930180978729
2026-05-05,0.5,True,True,50.0,50.0,38.18842017177053,43.43945674997427,33.118262376359965,26.657733628448085
2026-05-06,0.5,True,True,50.0,50.0,38.899325243935806,36.75155404192116,32.01429388023879,25.272354243631927
2026-05-07,0.5,True,True,50.0,50.0,37.02265301843259,44.63707743750008,33.41614148992824,26.073990945029372
2026-05-08,0.5,True,True,50.0,50.0,41.03796391503878,40.953737707240435,31.950240089011764,25.090735476133055
2026-05-09,0.5,True,True,50.0,50.0,39.9538731113272,45.3903935783423,31.980974767429085,26.098963831146403
2026-05-10,0.5,True,True,50.0,50.0,37.37596068794731,45.21291104692397,33.53609207106001,26.66732688043667
2026-05-11,0.5,True,True,50.0,50.0,37.94747278013984,64.36855323067994,33.805889227088784,26.69250996593326
2026-05-12,0.5,True,True,50.0,50.0,34.106327709569065,59.670529285849916,31.119654809364754,40.62780247659359
2026-05-13,0.5,True,True,50.0,50.0,36.78595435012676,56.782517745721684,32.74610130280091,40.739124387327095
2026-05-14,0.5,True,True,50.0,50.0,39.6548431540521,47.17998525478324,32.57431754422886,37.92787467178579
2026-05-15,0.5,True,True,50.0,50.0,34.93403436662341,52.148924543579355,30.28773848477769,25.520335238162186
2026-05-16,0.5,True,True,50.0,50.0,39.35277634302909,47.68408843845856,31.710425003749744,21.414532162635112
2026-05-17,0.5,True,True,50.0,50.0,35.60650455426202,56.52220452487999,31.315130799668225,26.639821222297904
2026-05-18,0.5,True,True,50.0,50.0,40.778432747984255,44.159202170886815,32.248235733433944,24.358869352126582
2026-05-19,0.5,True,True,50.0,50.0,39.84479413363739,41.509361937149016,31.785882470426266,47.38715421078149
2026-05-20,0.5,True,True,50.0,50.0,41.15877987378671,39.6805687087392,31.686882217321404,58.8450856375952
2026-05-21,0.5,True,True,50.0,50.0,42.71633115551688,55.90586235435043,30.04538456538196,38.41317921438454
2026-05-22,0.5,True,True,50.0,50.0,42.92583469712697,43.48536234725801,32.3307899815508,40.15691506878916
2026-05-23,0.5,True,True,50.0,50.0,35.86515220643738,42.10955951321495,29.349477629255937,24.447626671021418
2026-05-24,0.5,True,True,50.0,50.0,37.10263220326302,32.310941244820185,29.08291531966674,26.7274907239294
2026-05-25,0.5,True,True,50.0,50.0,35.816600404767456,31.747566633362837,28.942338713385226,27.850873770587512
2026-05-26,0.5,True,True,50.0,50.0,40.51135261112404,33.58088841349537,30.492018766255924,25.01452229257523
2026-05-27,0.5,True,True,50.0,50.0,35.72878680978485,48.85266733727284,29.952562803456054,26.075623580955444
2026-05-28,0.5,True,True,50.0,50.0,37.76655887159659,50.67238019798826,29.229940164375414,27.363601419608038
2026-05-29,0.5,True,True,50.0,50.0,35.58292492429548,63.544492159018034,30.260041361513597,44.658578742908304
2026-05-30,0.5,True,True,50.0,50.0,40.09050945372355,41.3905661865425,30.800186923083928,23.765161060672778
2026-05-31,0.5,True,True,50.0,50.0,35.824255097006485,73.20899875451626,30.696349497725407,21.571289650750803
2026-06-01,0.5,True,True,50.0,50.0,40.12198682963427,74.49520772056137,31.707644390136927,36.757457315601926
2026-06-02,0.5,True,True,50.0,50.0,38.93602886758093,56.75130898641431,31.690259381215668,21.04210726001331
2026-06-03,0.5,True,True,50.0,50.0,39.9661131986999,43.9501021883716,32.40397293710508,56.15802199647235
2026-06-04,0.5,True,True,50.0,50.0,43.8457841380791,35.85903036184539,32.055149186778635,42.494804967897906
2026-06-05,0.5,True,True,50.0,50.0,41.13211742733081,55.21404231032556,29.515233347628453,37.01798177073873
2026-06-06,0.5,True,True,50.0,50.0,38.84516385040321,38.934679100685365,29.985811225025763,51.282986738530155
2026-06-07,0.5,True,True,50.0,50.0,44.18905784369852,41.680082179329844,31.874412844139407,50.15271708149665
2026-06-08,0.5,True,True,50.0,50.0,42.10042296989357,62.3073493972842,28.96118922919666,35.86717610520934
2026-06-09,0.5,True,True,50.0,50.0,43.172010234559586,56.2940787891024,29.615192674228407,43.49607975845386
2026-06-10,0.5,True,True,50.0,50.0,39.44688163772973,49.186829227127795,29.973928881688465,25.185373825317008
2026-06-11,0.5,True,True,50.0,50.0,37.225930232227014,39.528480456594586,30.92932196444772,68.54770675723915
2026-06-12,0.5,True,True,50.0,50.0,47.7972420606139,24.46268635759914,30.006684178732907,51.810527531804624
2026-06-13,0.5,True,True,50.0,50.0,48.932629859082795,26.142605830664433,30.13565182209427,57.15570395959727
2026-06-14,0.5,True,True,50.0,50.0,37.18763326485531,38.84680710002675,29.7168227047094,25.151403419167934
2026-06-15,0.5,True,True,50.0,50.0,40.47729093916996,36.78702669599694,28.50050975434617,24.554222787882452
2026-06-16,0.5,True,True,50.0,50.0,40.294302449242345,55.382007752241115,27.46352372319567,25.98719579284917
2026-06-17,0.5,True,True,50.0,50.0,39.492210890585866,54.009441771580356,28.353858396720483,46.58506331138848
2026-06-18,0.5,True,True,50.0,50.0,43.125843325519114,59.656729769589056,28.67411151920166,41.46206027117685
2026-06-19,0.5,True,True,50.0,50.0,47.516260379465336,36.01870075110902,29.188154845293937,52.1659767068616
2026-06-20,0.5,True,True,50.0,50.0,41.952090063153015,37.437005926378795,28.4218357871366,27.282614731167428
2026-06-21,0.5,True,True,50.0,50.0,37.2323300064838,37.081525065148206,30.567729588753622,24.765596851839874
2026-06-22,0.5,True,True,50.0,50.0,40.05334086258969,35.168806664792626,28.04721492575127,25.621623638896747
2026-06-23,0.5,True,True,50.0,50.0,41.533982181183084,35.303259847703515,27.225803426196144,24.661279066263255
2026-06-25,0.5,True,True,50.0,50.0,45.01514356756885,51.48508492914443,28.63698373284781,26.395423182046283
2026-06-26,0.5,True,True,50.0,50.0,40.61394339946505,38.502599565044676,27.53317384759592,25.270850047476795
2026-06-27,0.5,True,True,50.0,50.0,48.774374600804094,36.95857749250351,28.711347114891794,65.58547830968556
2026-06-28,0.5,True,True,50.0,50.0,48.86073903239086,18.60040142572194,29.011261448572665,72.92964071145896
2026-06-29,0.5,True,True,50.0,50.0,41.68496881484762,49.56079780857392,26.690155023907632,25.404471390366883
2026-06-30,0.5,True,True,50.0,50.0,40.40659074959683,51.696804160118766,27.698671625506382,26.486659016095956
2026-04-01,1.0,True,True,50.0,50.0,70.51186569155593,68.90364982242488,73.38457893644312,72.39284619607258
2026-04-02,1.0,True,True,50.0,50.0,55.89164529495818,59.185824578421105,55.37313312054387,47.78844321578923
2026-04-03,1.0,True,True,54.47394791320349,49.99197979332166,84.38338316724932,47.55308004872465,69.42263600984447,84.34431235142935
2026-04-04,1.0,True,True,50.0,47.44106973808249,72.32246930221334,63.253121243345234,67.13818612186984,89.72210293861716
2026-04-05,1.0,True,True,50.157196990710936,49.97008433854657,76.19292416322364,42.38390824276014,68.47987815942435,84.39047202309234
2026-04-06,1.0,True,True,50.0,50.0,60.86378648551204,62.74138138660276,62.806137396016624,55.6944002982925
2026-04-07,1.0,True,True,50.0,50.0,68.77029098782822,56.208190137903635,73.63385266463175,79.28459100528616
2026-04-08,1.0,True,True,50.0,50.0,41.49398615021434,48.009496153241265,44.90589699721488,44.02533384641833
2026-04-09,1.0,True,True,50.0,50.0,73.05047416365139,67.2203330461924,72.80565265357588,81.88997352963929
2026-04-10,1.0,True,True,53.9926365305773,51.53394277746308,83.47015902753115,78.80511563032998,71.36064100630195,76.3359245351547
2026-04-11,1.0,True,True,53.43231830827755,50.0,82.4070299493529,47.82854548711579,74.35375407893919,82.46100861056233
2026-04-12,1.0,True,True,53.531285451047175,50.0,82.59480690015556,44.67533405074831,70.55208144244557,79.55806962131055
2026-04-13,1.0,True,True,50.0,50.0,45.006279734375454,44.8547752223232,45.49538572021832,43.73504315966822
2026-04-14,1.0,True,True,50.0,50.0,74.39947446155372,74.27831800747668,75.16291107258849,62.863637430450716
2026-04-15,1.0,False,True,50.0,50.0,84.95795693778284,52.90094901787157,74.37678548330405,81.87148797237928
2026-04-16,1.0,True,True,53.34472939911718,50.0,82.24084167892309,64.10721346879201,75.96081962295702,79.92362867982135
2026-04-17,1.0,False,True,50.0,50.0,87.95148658008836,70.28063241316853,73.90661498754787,82.83128101672787
2026-04-18,1.0,True,True,55.272928759007556,50.0,85.89934273500248,67.20479722817586,67.74074339851452,82.8144976044425
2026-04-19,1.0,True,True,50.0,50.0,41.65655106408307,46.572976923687946,42.1824923112106,40.08622142721893
2026-04-20,1.0,True,True,50.0,50.0,37.77817522007207,44.67848211092201,40.33603550973604,36.55345590439527
2026-04-21,1.0,False,True,50.0,49.13295504895156,85.1793652369999,53.650531643977004,77.76092668222091,86.15529552386496
2026-04-22,1.0,True,True,56.07727940277748,50.0,87.4254907780439,58.248602045008155,67.98629492694035,81.26864173953152
2026-04-23,1.0,True,True,50.0,50.0,47.387366883150335,48.715007818300926,47.922790759840126,36.95147367829603
2026-04-24,1.0,True,True,50.0,50.0,24.7334810171508,41.7616476423173,33.46817089639283,34.53757730898374
2026-04-25,1.0,True,True,50.0,50.0,29.031674167321565,43.2951685704879,33.58478359783044,33.98000463698798
2026-04-26,1.0,True,True,50.0,50.0,26.43158913409904,43.33076215690424,31.97980848556939,38.686485196432145
2026-04-27,1.0,True,True,50.0,50.0,36.621023372289585,41.27528144588362,37.030658862128234,35.33258473947182
2026-04-28,1.0,True,True,50.0,50.0,70.74416327258368,71.72968486325803,66.57952401621154,60.973752146798304
2026-04-29,1.0,True,True,57.27607013438285,50.0,89.70003626790745,54.04978032983982,67.97996945524314,83.0060736326868
2026-04-30,1.0,True,True,51.08968876847001,50.0,77.96220291348256,55.62312494561849,67.3056274251384,81.26951924573339
2026-05-01,1.0,True,True,50.0,50.0,45.047668797938655,41.44390927290289,41.93140753650171,38.94990440503757
2026-05-02,1.0,True,True,50.0,50.0,26.81526841097381,41.31741821967394,30.147222388405897,35.98496154109991
2026-05-03,1.0,True,True,50.0,50.0,38.610938785687175,46.4182962667724,32.82563949717448,37.95121655076901
2026-05-04,1.0,True,True,50.0,50.0,27.42974000800217,45.43868474792326,27.413544498663043,31.382845325325444
2026-05-05,1.0,True,True,50.0,50.0,47.194684285614386,58.21780735556993,46.122001149572796,40.298328944057744
2026-05-06,1.0,True,True,50.0,50.0,32.01447347263523,45.40660576362471,31.891216365910473,37.32409544002658
2026-05-07,1.0,True,True,50.0,50.0,47.17154584364095,59.90190957892698,47.02136531160912,37.36218105712862
2026-05-08,1.0,True,True,50.0,50.0,41.94916876348469,47.791409629450484,40.126541785337864,42.07597297484879
2026-05-09,1.0,True,True,50.0,50.0,56.62602474618335,58.48110109885817,52.10311582362267,42.73476333897307
2026-05-10,1.0,True,True,50.0,50.0,58.20509187619304,58.953300874467054,50.63684008945748,47.46034600582074
2026-05-11,1.0,True,True,50.0,50.0,65.83635895825228,74.04942171587086,54.523582686484694,43.6801007952151
2026-05-12,1.0,True,True,54.43641055629006,52.64047030116104,84.31216104013583,80.90460399146086,66.63522570925605,68.71486918158872
2026-05-13,1.0,True,True,50.81280616401179,50.0,77.4368551087421,74.85689936786542,70.63426699423115,73.00050100261832
2026-05-14,1.0,True,True,50.0,50.0,48.02121784533966,57.464397980640186,48.82309324273035,60.409939209292666
2026-05-15,1.0,True,True,50.0,50.0,62.14450769377906,59.90522936110723,52.92664660565232,43.88438412562375
2026-05-16,1.0,True,True,50.0,50.0,28.540114484273403,41.65718520519511,27.64331056585801,36.13337137844279
2026-05-17,1.0,True,True,50.0,50.0,64.48318541952507,64.72346149515293,54.42509255346574,44.99409901956092
2026-05-18,1.0,True,True,50.0,50.0,39.097341680772786,44.16920433908533,37.49699415757446,42.07146010549921
2026-05-19,1.0,True,True,55.154471019657066,50.0,85.67458497730922,62.05732592554834,69.96956346135724,77.98686895349618
2026-05-20,1.0,True,True,53.65890002157895,50.0,82.83693852345831,56.119043526082066,68.66294272626959,83.76205143244758
2026-05-21,1.0,True,True,50.0,50.0,71.02803606560283,74.12868335605951,67.006359100921,60.80747412655185
2026-05-22,1.0,True,True,51.243485645913765,50.0,78.25401197132899,65.34089163657247,56.541904011511654,63.84507634909626
2026-05-23,1.0,True,True,50.0,50.0,49.61324055130093,61.134512067279495,50.72476500602953,37.39995240222688
2026-05-24,1.0,True,True,50.0,50.0,28.994447607137772,49.3182681272953,29.743582594417298,35.182441034468894
2026-05-25,1.0,True,True,50.0,50.0,32.477116880734364,48.84873087965332,32.305854336764625,39.43380900230906
2026-05-26,1.0,True,True,50.0,50.0,30.688599604188468,49.802880945169605,28.174404944804028,30.15304465489898
2026-05-27,1.0,True,True,50.0,50.0,60.70302770697576,71.52546927068872,50.436521402963706,43.12764986848063
2026-05-28,1.0,True,True,50.0,50.0,68.6833840906759,69.83237204191119,49.12095602093939,45.10354352284867
2026-05-29,1.0,True,False,52.802553296060175,50.0,81.2121348517785,94.49758075022174,52.015218929897244,76.20842378880369
2026-05-30,1.0,True,True,50.0,50.0,40.1422967145924,55.846008819737364,39.5877728395118,32.23123919570965
2026-05-31,1.0,True,True,50.0,60.100894159321186,70.23331602425029,95.05976301268907,51.66338786480132,36.52011198501263
2026-06-01,1.0,True,False,50.31611530095444,50.0,76.49445045658848,107.97552983759809,52.591599447514604,52.56345450973179
2026-06-02,1.0,True,True,50.0,50.0,51.517380375683956,71.35225335271629,49.78455796646046,31.857551950126624
2026-06-03,1.0,True,True,50.0,50.0,75.6528439087833,66.77867689015653,70.20270843636455,72.72902589572107
2026-06-04,1.0,True,True,55.31953192051881,50.0,85.98776601692664,55.00028471051971,68.12833673537725,75.01782627485451
2026-06-05,1.0,True,True,53.256408595109185,50.10088672048698,82.07326473565753,76.08608293748327,53.993146062435486,60.11536065059133
2026-06-06,1.0,True,True,54.761645913647016,50.0,84.9292517430559,72.62287233671736,56.23384263438908,73.27391004772721
2026-06-07,1.0,True,True,51.234835306047074,50.0,78.23759910542101,59.62191785052859,68.8737202759523,73.44013996970676
2026-06-08,1.0,True,True,50.0,54.0312938282225,74.10492192473723,83.54350609277873,51.67379006383088,58.711803711516595
2026-06-09,1.0,True,False,54.577167176843474,50.0,84.57922795015395,85.68280181051838,50.95995836563172,73.68259331394769
2026-06-10,1.0,True,True,50.0,50.0,53.9980028398789,65.13884829362615,45.9894881201313,38.604993570837685
2026-06-11,1.0,True,True,54.47434368238827,48.087246018697485,84.38413408648026,71.0311857063243,64.28697043389795,88.35984372747083
2026-06-12,1.0,True,True,56.35161558740701,50.0,87.94600709086177,37.52818238191343,60.299097992873385,81.50137705453267
2026-06-13,1.0,True,True,55.99420542603231,48.170693217532005,87.26786898956232,39.89470356419241,67.06694512607265,88.18392158568548
2026-06-14,1.0,True,True,50.0,50.0,45.87608265844493,44.79106590822228,42.161687977922426,40.49523601723088
2026-06-15,1.0,True,True,50.0,50.0,42.870203537051694,43.39232854914691,51.221326754967066,38.64727403986891
2026-06-16,1.0,True,True,50.0,50.0,45.613315303354085,56.28778204782611,47.551301104265974,34.84771651772683
2026-06-17,1.0,True,True,50.0,50.0,74.17156167708026,73.94978434616604,50.38313802711427,71.64498920422997
2026-06-18,1.0,True,True,51.38091689483558,51.076429899026806,78.5147694322937,77.93704597749897,50.95854242407064,51.8572918747472
2026-06-19,1.0,True,True,54.155034160651724,50.0,83.77828686612035,55.99307644768866,56.669349803805815,80.82685304241065
2026-06-20,1.0,True,True,50.0,50.0,50.70416151882797,44.51056292450007,42.05359348007935,45.918783700751604
2026-06-21,1.0,True,True,50.0,50.0,32.70428813152154,43.12675063464514,31.490121922576073,30.295361961143108
2026-06-22,1.0,True,True,50.0,50.0,40.10495825573275,44.458151201059586,29.08725961694489,38.61780142137985
2026-06-23,1.0,True,True,50.0,50.0,36.03371706046251,43.49446072766628,28.671351006165857,33.90874044944551
2026-06-25,1.0,True,True,50.0,50.0,72.09857982305124,65.70332646863731,47.8177092120559,44.37858637122058
2026-06-26,1.0,True,True,50.0,50.0,47.49010475078106,51.37428283436665,42.4745288244883,38.58532770430071
2026-06-27,1.0,True,True,51.5044947547381,50.0,78.74924193569038,56.37415050897111,60.01058728204108,79.74558487831922
2026-06-28,1.0,True,True,55.837317615340055,46.78774216947061,86.97019529821942,32.61205895641176,60.203341044136124,91.09943838861281
2026-06-29,1.0,True,True,50.0,50.0,64.32308688404517,58.23129244572335,39.571247341217834,55.80019053850451
2026-06-30,1.0,True,True,50.0,50.0,49.6509050021843,56.75835883581578,43.26541123707681,32.01254196603708
